Student_id,Names,Section,E-mail,Class_advisor,Gender,Age_scaled,Gpa_scaled,Attendance_scaled,Absences_scaled,Study_hrs_perday,Math_scaled,Science_scaled,Extracurricular,Performance_category
23CS0001,Yogita,A,23cs1@rns.com,Bhagat Raj,Female,1,0.765,0.4693877551,0.2222222222,0.2402464066,0.5319148936,0.54,Arts,High
23CS0002,Girish,B,23cs2@rns.com,Tisca Chopra ,Male,1,0.01,0.8163265306,0,0.2443531828,0.7021276596,0.44,None,Low
23CS0003,Harini,C,23cs3@rns.com,Subramanian,Male,0.6666666667,0.9,0.6326530612,0,0.501026694,0.7659574468,0.86,STEM Club,High
23CS0004,Deepa,D,23cs4@rns.com,G.Kempegowda ,Male,0,0.295,0.4693877551,0.3333333333,0.2114989733,0.5106382979,0.98,STEM Club,Low
23CS0005,Darshan,E,23cs5@rns.com,Vetrivel,Female,0,0.45,0.8571428571,0.3333333333,0.3675564682,0.6808510638,0.66,Sports,Low
23CS0006,Nandan,F,23cs6@rns.com,Rajesh Sharma ,Female,0.6666666667,0.055,0.8775510204,0.6666666667,0.02874743326,0.6170212766,0.52,None,Low
23CS0007,Urmil,A,23cs7@rns.com,Anil Chaudhary,Female,0.6666666667,0.19,0.9591836735,0.2222222222,0.5174537988,1,1,STEM Club,Low
23CS0008,Manisha,B,23cs8@rns.com,Debolina Roy,Male,1,0.905,0.4897959184,0.1111111111,0.546201232,0.9787234043,0.84,Volunteer,High
23CS0009,Vishal,C,23cs9@rns.com,Srushti Kulkarni,Male,0,0.03,0.7551020408,0.1111111111,0.250513347,0.6170212766,0.48,None,Low
23CS0010,Harini,D,23cs10@rns.com,Priya Gupta,Male,1,0.445,0.7551020408,0.1111111111,0.4845995893,1,0.88,Sports,Low
23CS0011,Hemant,E,23cs11@rns.com,Bhagat Raj,Female,0.3333333333,0.995,0.7346938776,0.3333333333,0.3757700205,0.5957446809,0.72,None,High
23CS0012,Nihar,F,23cs12@rns.com,Tisca Chopra ,Nonbinary,1,0.03,0.8775510204,0.2222222222,0.1334702259,0.8085106383,0.42,Arts,Low
23CS0013,Ravindra,A,23cs13@rns.com,Subramanian,Male,0.6666666667,0.94,0.8979591837,0.3333333333,0.3983572895,0.8723404255,0.98,None,High
23CS0014,Chandramani,B,23cs14@rns.com,G.Kempegowda ,Female,0.6666666667,0.685,0.9591836735,0,0.1026694045,0.6382978723,0.86,Sports,Medium
23CS0015,Chaitanya,C,23cs15@rns.com,Vetrivel,Female,0.3333333333,0.61,0.4081632653,0.5555555556,0.4373716632,0.6382978723,0.88,Arts,Medium
23CS0016,Meenal,D,23cs16@rns.com,Rajesh Sharma ,Female,0.3333333333,0.085,0.7346938776,0.2222222222,0.1868583162,0.7659574468,0.88,Arts,Low
23CS0017,Charan,E,23cs17@rns.com,Anil Chaudhary,Female,1,0.025,0.5510204082,0,0.4866529774,1,1,Sports,Low
23CS0018,Eshita,F,23cs18@rns.com,Debolina Roy,Male,0.6666666667,0.985,0.9795918367,0.2222222222,0.3367556468,1,0.78,Sports,High
23CS0019,Keshav,A,23cs19@rns.com,Srushti Kulkarni,Female,0.3333333333,0.145,0.9591836735,0.2222222222,0.6036960986,1,1,Arts,Low
23CS0020,Yamini,B,23cs20@rns.com,Priya Gupta,Female,0.3333333333,0.675,0.8979591837,0.2222222222,0.3039014374,0.9574468085,0.7,None,Medium
23CS0021,Hemant,C,23cs21@rns.com,Bhagat Raj,Male,0,0.255,0.8163265306,0.4444444444,0.2073921971,0.4680851064,0.5,None,Low
23CS0022,Gopal,D,23cs22@rns.com,Tisca Chopra ,Female,1,0.015,0.1428571429,0,0.5215605749,0.9361702128,0.82,Volunteer,Low
23CS0023,Devendra,E,23cs23@rns.com,Subramanian,Female,0.3333333333,0.545,0.7551020408,0.4444444444,0.3203285421,0.6170212766,0.64,None,Medium
23CS0024,Darshan,F,23cs24@rns.com,G.Kempegowda ,Female,0.3333333333,0.81,0.8367346939,0,0.6160164271,1,1,STEM Club,High
23CS0025,Sharvani,A,23cs25@rns.com,Vetrivel,Female,1,0.52,0.693877551,0.3333333333,0.4394250513,0.6808510638,1,Volunteer,Medium
23CS0026,Asha,B,23cs26@rns.com,Rajesh Sharma ,Male,0.6666666667,0.695,0.8571428571,0.2222222222,0.1868583162,1,0.68,Sports,Medium
23CS0027,Darshan,C,23cs27@rns.com,Anil Chaudhary,Female,0.6666666667,0.495,0.9387755102,0.1111111111,0.5215605749,1,0.86,Sports,Low
23CS0028,Lalitha,D,23cs28@rns.com,Debolina Roy,Male,0.6666666667,0.71,0.7142857143,0.1111111111,0.4579055441,1,0.86,Arts,Medium
23CS0029,Bhargavi,E,23cs29@rns.com,Srushti Kulkarni,Male,0.3333333333,0.22,0.7959183673,0.4444444444,0.1889117043,0.7021276596,0.84,Volunteer,Low
23CS0030,Lalitha,F,23cs30@rns.com,Priya Gupta,Female,0.6666666667,0.89,0.7142857143,0.2222222222,0.295687885,0.9787234043,0.84,Volunteer,High
23CS0031,Tanya,A,23cs31@rns.com,Bhagat Raj,Male,0,0.09,0.306122449,0,0.4353182752,1,1,STEM Club,Low
23CS0032,Zeba,B,23cs32@rns.com,Tisca Chopra ,Female,0.6666666667,0.44,0.7755102041,0.4444444444,0.2813141684,0.6595744681,0.26,None,Low
23CS0033,Bhavesh,C,23cs33@rns.com,Subramanian,Female,0,0.535,0.2244897959,0.2222222222,0.4271047228,0.5957446809,0.4,Arts,Medium
23CS0034,Akhil,D,23cs34@rns.com,G.Kempegowda ,Male,0.6666666667,0.02,0.7142857143,0.2222222222,0.7351129363,0.8085106383,1,Sports,Low
23CS0035,Nandini,E,23cs35@rns.com,Vetrivel,Nonbinary,0.6666666667,0.305,0.3469387755,0.2222222222,0.4435318275,1,1,Sports,Low
23CS0036,Waman,F,23cs36@rns.com,Rajesh Sharma ,Male,1,0.115,0.9795918367,0.2222222222,0.227926078,0.4893617021,0.54,None,Low
23CS0037,Sakshi,A,23cs37@rns.com,Anil Chaudhary,Female,0.6666666667,0.795,0.9183673469,0.3333333333,0.5420944559,0.9787234043,0.38,None,High
23CS0038,Ananya,B,23cs38@rns.com,Debolina Roy,Female,0.3333333333,0.855,0.7755102041,0.1111111111,0.5544147844,1,1,STEM Club,High
23CS0039,Usha,C,23cs39@rns.com,Srushti Kulkarni,Male,0,0.125,0.9387755102,0,0.3716632444,0.8723404255,0.84,Sports,Low
23CS0040,Harish,D,23cs40@rns.com,Priya Gupta,Female,1,0.9,0.9795918367,0.1111111111,0.546201232,1,0.7,Sports,High
23CS0041,Gopal,E,23cs41@rns.com,Bhagat Raj,Female,0.3333333333,0.345,0.8775510204,0.1111111111,0.8131416838,1,0.96,Sports,Low
23CS0042,Ishwar,F,23cs42@rns.com,Tisca Chopra ,Male,0.6666666667,0.36,0.5510204082,0.4444444444,0.6078028747,1,0.82,Volunteer,Low
23CS0043,Tushar,A,23cs43@rns.com,Subramanian,Female,0.6666666667,0.005,0.8979591837,0.4444444444,0.3572895277,0.6382978723,0.82,STEM Club,Low
23CS0044,Hemant,B,23cs44@rns.com,G.Kempegowda ,Male,0.3333333333,0.715,0.1836734694,0.1111111111,0.501026694,0.7872340426,0.74,Sports,Medium
23CS0045,Ekansh,C,23cs45@rns.com,Vetrivel,Female,0,0.795,0.8979591837,0,0.4045174538,0.7659574468,0.98,None,High
23CS0046,Eesha,D,23cs46@rns.com,Rajesh Sharma ,Male,1,0.015,0.2857142857,0.1111111111,0.4887063655,1,0.42,Sports,Low
23CS0047,Pallavi,E,23cs47@rns.com,Anil Chaudhary,Female,0,0.045,0.7142857143,0.3333333333,0.2258726899,0.9361702128,0.54,Volunteer,Low
23CS0048,Neha,F,23cs48@rns.com,Debolina Roy,Male,0,0.42,0.7755102041,0.2222222222,0.4722792608,0.914893617,0.54,Arts,Low
23CS0049,Akhila,A,23cs49@rns.com,Srushti Kulkarni,Male,0.3333333333,0.055,0.9387755102,0.3333333333,0.3429158111,1,0.88,Arts,Low
23CS0050,Jaya,B,23cs50@rns.com,Priya Gupta,Female,0.6666666667,0.82,0.7142857143,0.1111111111,0.5790554415,0.7234042553,0.8,Arts,High
23CS0051,Priya,C,23cs51@rns.com,Bhagat Raj,Nonbinary,0.3333333333,0.915,0.5714285714,0.2222222222,0.2217659138,0.9574468085,0.74,Sports,High
23CS0052,Kamala,D,23cs52@rns.com,Tisca Chopra ,Male,0.3333333333,0.25,0.2040816327,0.2222222222,0.2381930185,1,0.5,STEM Club,Low
23CS0053,Waliullah,E,23cs53@rns.com,Subramanian,Male,0.6666666667,0.17,0.9591836735,0.3333333333,0.4394250513,1,0.9,Arts,Low
23CS0054,Namrata,F,23cs54@rns.com,G.Kempegowda ,Male,0,0.235,0.3265306122,0.2222222222,0.05954825462,1,0.84,None,Low
23CS0055,Chinmay,A,23cs55@rns.com,Vetrivel,Male,0.6666666667,0.995,0.9387755102,0.3333333333,0.5893223819,0.7659574468,1,None,High
23CS0056,Pranitha,B,23cs56@rns.com,Rajesh Sharma ,Male,0.6666666667,0.34,0.4693877551,0.3333333333,0.4722792608,0.8085106383,0.76,Arts,Low
23CS0057,Omprakash,C,23cs57@rns.com,Anil Chaudhary,Female,0.3333333333,0.05,0.8367346939,0,0.2197125257,0.6170212766,0.8,Volunteer,Low
23CS0058,Kunal,D,23cs58@rns.com,Debolina Roy,Female,1,0.255,0.7755102041,0.3333333333,0.2689938398,0.8936170213,0.34,Sports,Low
23CS0059,Chinmay,E,23cs59@rns.com,Srushti Kulkarni,Female,0,0.725,0.2653061224,0.3333333333,0.7330595483,0.914893617,0.58,Volunteer,Medium
23CS0060,Nitin,F,23cs60@rns.com,Priya Gupta,Female,1,0.65,0.6530612245,0.3333333333,0.2340862423,0.9361702128,0.9,STEM Club,Medium
23CS0061,Indu,A,23cs61@rns.com,Bhagat Raj,Female,1,0.75,0.8367346939,0.1111111111,0.2772073922,1,0.88,None,High
23CS0062,Wajid,B,23cs62@rns.com,Tisca Chopra ,Female,0.3333333333,0.295,0.7551020408,0.2222222222,0.5092402464,1,1,None,Low
23CS0063,Uma,C,23cs63@rns.com,Subramanian,Male,0.3333333333,0.395,0.9591836735,0.3333333333,0.4928131417,0.8510638298,0.46,None,Low
23CS0064,Meenal,D,23cs64@rns.com,G.Kempegowda ,Female,0,0.915,0.2653061224,0,0.3778234086,0.7021276596,0.96,STEM Club,High
23CS0065,Usha,E,23cs65@rns.com,Vetrivel,Female,0.3333333333,0.815,0.7959183673,0,0.3880903491,0.5957446809,1,None,High
23CS0066,Ashwin,F,23cs66@rns.com,Rajesh Sharma ,Male,0.6666666667,0.77,0.8571428571,0.2222222222,0.5872689938,1,1,Sports,High
23CS0067,Rituparna,A,23cs67@rns.com,Anil Chaudhary,Female,0.6666666667,0.99,0.612244898,0.6666666667,0.2525667351,1,0.86,Arts,High
23CS0068,Nutan,B,23cs68@rns.com,Debolina Roy,Male,0.6666666667,0.95,0.5714285714,0,0.4106776181,1,0.96,STEM Club,High
23CS0069,Gopal,C,23cs69@rns.com,Srushti Kulkarni,Female,0.3333333333,0.55,0.8367346939,0.2222222222,0.5277207392,0.8510638298,0.56,None,Medium
23CS0070,Suresh,D,23cs70@rns.com,Priya Gupta,Nonbinary,0,0.93,0.9183673469,0.1111111111,0.6036960986,0.5531914894,1,Sports,High
23CS0071,Bhavesh,E,23cs71@rns.com,Bhagat Raj,Male,0,0.585,1,0.3333333333,0.40862423,0.6382978723,0.7,Sports,Medium
23CS0072,Ritu,F,23cs72@rns.com,Tisca Chopra ,Female,1,0.37,0.8163265306,0.1111111111,0.2587268994,1,0.92,Arts,Low
23CS0073,Ishaan,A,23cs73@rns.com,Subramanian,Female,0,0.8,0.6326530612,0.3333333333,0.7412731006,0.8723404255,0.74,STEM Club,High
23CS0074,Kalyani,B,23cs74@rns.com,G.Kempegowda ,Male,0.3333333333,0.3,0.8979591837,0.2222222222,0.1190965092,0.6595744681,0.36,None,Low
23CS0075,Diya,C,23cs75@rns.com,Vetrivel,Male,1,0.235,0.6734693878,0.2222222222,0.2340862423,0.9574468085,1,STEM Club,Low
23CS0076,Kalpana,D,23cs76@rns.com,Rajesh Sharma ,Male,0.6666666667,0.795,0.7755102041,0.3333333333,0.3305954825,0.5319148936,0.68,Arts,High
23CS0077,Madhuri,E,23cs77@rns.com,Anil Chaudhary,Male,0.6666666667,0.95,0.387755102,0.2222222222,0.5482546201,0.9574468085,1,Arts,High
23CS0078,Smita,F,23cs78@rns.com,Debolina Roy,Female,0.6666666667,0.82,0.5714285714,0.1111111111,0.6324435318,1,1,Arts,High
23CS0079,Ranjani,A,23cs79@rns.com,Srushti Kulkarni,Female,0.3333333333,0.795,0.9183673469,0.2222222222,0.3798767967,0.8510638298,0.44,Sports,High
23CS0080,Sakshi,B,23cs80@rns.com,Priya Gupta,Female,0.3333333333,0.58,0.9387755102,0.2222222222,0.340862423,1,0.92,None,Medium
23CS0081,Reena,C,23cs81@rns.com,Bhagat Raj,Male,1,0.37,0.3673469388,0,0.340862423,0.4893617021,0.68,Arts,Low
23CS0082,Yuvraj,D,23cs82@rns.com,Tisca Chopra ,Male,0.6666666667,0.95,0.693877551,0.4444444444,0.6488706366,1,1,Arts,High
23CS0083,Chandrika,E,23cs83@rns.com,Subramanian,Female,0.6666666667,0.43,0.7755102041,0,0,0.6595744681,0.68,Arts,Low
23CS0084,Ishani,F,23cs84@rns.com,G.Kempegowda ,Female,0.6666666667,0.525,0.7551020408,0.2222222222,0.3059548255,1,0.5,Sports,Medium
23CS0085,Nandan,A,23cs85@rns.com,Vetrivel,Female,1,0.49,0.9387755102,0.3333333333,0.4435318275,1,0.94,Volunteer,Low
23CS0086,Hemant,B,23cs86@rns.com,Rajesh Sharma ,Female,1,0.085,0.1428571429,0.3333333333,0.1622176591,0.6170212766,1,Arts,Low
23CS0087,Malini,C,23cs87@rns.com,Anil Chaudhary,Male,0.3333333333,0.91,1,0.2222222222,0.3593429158,0.8723404255,0.88,None,High
23CS0088,Elina,D,23cs88@rns.com,Debolina Roy,Male,0.6666666667,0.19,0.1224489796,0.1111111111,0.340862423,0.4893617021,0.82,Sports,Low
23CS0089,Ananya,E,23cs89@rns.com,Srushti Kulkarni,Male,0,0.085,0.5510204082,0.4444444444,0.2772073922,0.6382978723,0.7,STEM Club,Low
23CS0090,Suresh,F,23cs90@rns.com,Priya Gupta,Female,1,0.18,0.9183673469,0,0.6303901437,1,1,STEM Club,Low
23CS0091,Pooja,A,23cs91@rns.com,Bhagat Raj,Female,1,0.91,0.4693877551,0.4444444444,0.1663244353,0.8085106383,0.68,Sports,High
23CS0092,Hitesh,B,23cs92@rns.com,Tisca Chopra ,Male,1,0.285,0.693877551,0.2222222222,0.1560574949,0.829787234,0.36,Volunteer,Low
23CS0093,Chandrika,C,23cs93@rns.com,Subramanian,Male,0.3333333333,0.985,0.6530612245,0.3333333333,0.318275154,0.914893617,0.84,Sports,High
23CS0094,Girish,D,23cs94@rns.com,G.Kempegowda ,Male,0.6666666667,0.71,0.7755102041,0.1111111111,0.3757700205,1,1,Sports,Medium
23CS0095,Dinesh,E,23cs95@rns.com,Vetrivel,Male,1,0.64,0.8979591837,0,0.4887063655,0.8510638298,0.8,Volunteer,Medium
23CS0096,Gauri,F,23cs96@rns.com,Rajesh Sharma ,Male,1,0.035,0.612244898,0.3333333333,0.2977412731,0.7446808511,1,Volunteer,Low
23CS0097,Falguni,A,23cs97@rns.com,Anil Chaudhary,Male,1,0.75,0.306122449,0.4444444444,0.3388090349,1,0.94,Arts,High
23CS0098,Urmila,B,23cs98@rns.com,Debolina Roy,Female,0.3333333333,0.055,0.9795918367,0.2222222222,0.4435318275,1,0.68,Volunteer,Low
23CS0099,Komal,C,23cs99@rns.com,Srushti Kulkarni,Female,1,0.06,0.9387755102,0.1111111111,0.5133470226,0.9574468085,1,None,Low
23CS0100,Chaitanya,D,23cs100@rns.com,Priya Gupta,Female,1,0.58,0.9591836735,0.2222222222,0.2320328542,0.829787234,0.72,Volunteer,Medium
23CS0101,Ravina,E,23cs101@rns.com,Bhagat Raj,Female,0.6666666667,0.205,0.7959183673,0.1111111111,0.3819301848,0.5957446809,0.88,Sports,Low
23CS0102,Anjali,F,23cs102@rns.com,Tisca Chopra ,Male,1,0.99,0.5102040816,0.4444444444,0.06570841889,0.8085106383,0.48,None,High
23CS0103,Satyam,A,23cs103@rns.com,Subramanian,Female,1,0.045,0.7142857143,0.1111111111,0.3039014374,0.914893617,0.72,None,Low
23CS0104,Bharat,B,23cs104@rns.com,G.Kempegowda ,Male,0,0.135,0.8367346939,0.1111111111,0.295687885,1,0.74,Sports,Low
23CS0105,Uma,C,23cs105@rns.com,Vetrivel,Male,0.6666666667,0.005,0.8163265306,0.3333333333,0.4599589322,0.8510638298,1,Sports,Low
23CS0106,Pradeep,D,23cs106@rns.com,Rajesh Sharma ,Female,0,0.12,0.9183673469,0.2222222222,0.3388090349,0.7021276596,0.34,Sports,Low
23CS0107,Kamala,E,23cs107@rns.com,Anil Chaudhary,Female,0.3333333333,0.24,0.7346938776,0.4444444444,0.18275154,0.7446808511,0.44,None,Low
23CS0108,Ritu,F,23cs108@rns.com,Debolina Roy,Male,0.3333333333,0.285,0.387755102,0.3333333333,0.3039014374,0.9787234043,0.98,Sports,Low
23CS0109,Rachit,A,23cs109@rns.com,Srushti Kulkarni,Female,0.6666666667,0.39,0.8367346939,0.1111111111,0.4045174538,0.9361702128,0.9,Arts,Low
23CS0110,Hemant,B,23cs110@rns.com,Priya Gupta,Female,0,0.055,0.4489795918,0.1111111111,0.4640657084,0.9574468085,0.96,Sports,Low
23CS0111,Amrita,C,23cs111@rns.com,Bhagat Raj,Female,0.6666666667,0.625,0.4693877551,0.4444444444,0.273100616,0.9787234043,0.48,Sports,Medium
23CS0112,Sakshi,D,23cs112@rns.com,Tisca Chopra ,Female,0.3333333333,0.655,0.7959183673,0.2222222222,0.2032854209,1,0.62,STEM Club,Medium
23CS0113,Sneha,E,23cs113@rns.com,Subramanian,Male,0.6666666667,0.47,0.9183673469,0.1111111111,0.1971252567,0.5319148936,0.28,Volunteer,Low
23CS0114,Nikhil,F,23cs114@rns.com,G.Kempegowda ,Male,1,0.645,0.4489795918,0.5555555556,0.1375770021,0.8936170213,0.56,STEM Club,Medium
23CS0115,Vandana,A,23cs115@rns.com,Vetrivel,Male,0,0.84,0.6734693878,0.1111111111,0.3244353183,1,0.7,Sports,High
23CS0116,Vikram,B,23cs116@rns.com,Rajesh Sharma ,Male,0.3333333333,0.06,0.612244898,0.4444444444,0.4353182752,1,0.78,STEM Club,Low
23CS0117,Tanu,C,23cs117@rns.com,Anil Chaudhary,Male,0,0.285,0.9183673469,0.1111111111,0.2032854209,0.6808510638,0.62,None,Low
23CS0118,Vishakha,D,23cs118@rns.com,Debolina Roy,Female,0.3333333333,0.81,0.4285714286,0,0.340862423,0.8936170213,0.82,None,High
23CS0119,Maitreyi,E,23cs119@rns.com,Srushti Kulkarni,Male,0.6666666667,0.34,0.3469387755,0.5555555556,0.3798767967,0.5957446809,1,Sports,Low
23CS0120,Omkar,F,23cs120@rns.com,Priya Gupta,Male,0.3333333333,0.65,0.7346938776,0.3333333333,0.227926078,0.7872340426,0.44,STEM Club,Medium
23CS0121,Sanjana,A,23cs121@rns.com,Bhagat Raj,Male,0.3333333333,0.61,0.8367346939,0.1111111111,0,0.06382978723,0.76,None,Medium
23CS0122,Tanveer,B,23cs122@rns.com,Tisca Chopra ,Male,0,0.265,0.7755102041,0.2222222222,0.1991786448,1,0.96,None,Low
23CS0123,Jyoti,C,23cs123@rns.com,Subramanian,Female,1,0.485,0.3265306122,0.5555555556,0.2648870637,0.4893617021,0.62,None,Low
23CS0124,Meghna,D,23cs124@rns.com,G.Kempegowda ,Female,0.3333333333,0.56,0.5306122449,0.2222222222,0.158110883,0.9574468085,0.66,Volunteer,Medium
23CS0125,Taraksh,E,23cs125@rns.com,Vetrivel,Female,0.6666666667,0.5,0.8979591837,0.1111111111,0.2340862423,0.7446808511,0.68,Arts,Medium
23CS0126,Zubeda,F,23cs126@rns.com,Rajesh Sharma ,Female,1,0.105,1,0.2222222222,0.08008213552,0.6170212766,0.68,Sports,Low
23CS0127,Bina,A,23cs127@rns.com,Anil Chaudhary,Male,0.6666666667,0.3,0.2448979592,0.1111111111,0.3511293634,0.8085106383,1,Arts,Low
23CS0128,Priya,B,23cs128@rns.com,Debolina Roy,Male,1,0.375,0.9591836735,0,0.5667351129,1,1,Arts,Low
23CS0129,Priya,C,23cs129@rns.com,Srushti Kulkarni,Female,0,0.88,0.7142857143,0,0.2197125257,0.8936170213,0.66,Arts,High
23CS0130,Leelavati,D,23cs130@rns.com,Priya Gupta,Male,1,0.28,1,0.1111111111,0.2176591376,0.2340425532,0.64,None,Low
23CS0131,Namratha,E,23cs131@rns.com,Bhagat Raj,Female,0.3333333333,0.66,0.9387755102,0.2222222222,0.2977412731,1,0.52,Volunteer,Medium
23CS0132,Lakshya,F,23cs132@rns.com,Tisca Chopra ,Female,0,0.995,0.7142857143,0.3333333333,0.3326488706,1,0.88,Sports,High
23CS0133,Nikhil,A,23cs133@rns.com,Subramanian,Female,0.6666666667,0.37,0.9795918367,0.3333333333,0.340862423,0.5957446809,1,Arts,Low
23CS0134,Varun,B,23cs134@rns.com,G.Kempegowda ,Female,1,0.82,0.5102040816,0.1111111111,0.2484599589,0.6170212766,0.5,None,High
23CS0135,Shabnam,C,23cs135@rns.com,Vetrivel,Male,0.3333333333,0.97,0.9591836735,0.2222222222,0.3018480493,1,0.46,Sports,High
23CS0136,Sharvani,D,23cs136@rns.com,Rajesh Sharma ,Female,1,0.58,0.2857142857,0,0.06776180698,0.5319148936,0.72,Sports,Medium
23CS0137,Hemant,E,23cs137@rns.com,Anil Chaudhary,Male,1,0.845,0.8367346939,0,0.4065708419,0.7659574468,0.74,Arts,High
23CS0138,Trisha,F,23cs138@rns.com,Debolina Roy,Male,0,0.165,0.8571428571,0.5555555556,0.3326488706,1,0.6,None,Low
23CS0139,Nisha,A,23cs139@rns.com,Srushti Kulkarni,Female,0.6666666667,0.32,0.2040816327,0,0.5112936345,1,0.92,STEM Club,Low
23CS0140,Padmini,B,23cs140@rns.com,Priya Gupta,Nonbinary,0.3333333333,0.945,0.9183673469,0.3333333333,0.772073922,0.8723404255,0.72,None,High
23CS0141,Jayant,C,23cs141@rns.com,Bhagat Raj,Nonbinary,0,0.59,0.8571428571,0.2222222222,0.2792607803,0.7659574468,0.48,Arts,Medium
23CS0142,Indira,D,23cs142@rns.com,Tisca Chopra ,Female,1,0.18,0.7551020408,0.2222222222,0.05954825462,0.3829787234,0.72,STEM Club,Low
23CS0143,Siddharth,E,23cs143@rns.com,Subramanian,Male,1,0.165,0.4693877551,0,0.0841889117,0.7234042553,0.22,Arts,Low
23CS0144,Namita,F,23cs144@rns.com,G.Kempegowda ,Female,0.3333333333,0.055,0.693877551,0,0,0.7872340426,0.24,STEM Club,Low
23CS0145,Meenal,A,23cs145@rns.com,Vetrivel,Female,0.3333333333,0.305,0.9183673469,0.1111111111,0.2566735113,0.8510638298,0.58,Arts,Low
23CS0146,Ovi,B,23cs146@rns.com,Rajesh Sharma ,Female,0,1,0.9387755102,0.2222222222,0.3326488706,1,1,Sports,High
23CS0147,Bharti,C,23cs147@rns.com,Anil Chaudhary,Male,0.6666666667,0.345,0.6734693878,0.2222222222,0.3716632444,1,0.68,STEM Club,Low
23CS0148,Ojaswini,D,23cs148@rns.com,Debolina Roy,Male,0.3333333333,0.365,0.9591836735,0,0.363449692,0.9787234043,0.82,Sports,Low
23CS0149,Ayush,E,23cs149@rns.com,Srushti Kulkarni,Female,0.3333333333,0.33,0.8367346939,0.3333333333,0.3141683778,0.5744680851,0.8,Arts,Low
23CS0150,Garima,F,23cs150@rns.com,Priya Gupta,Female,0,0.615,0.2653061224,0,0.2073921971,0.8510638298,0.38,STEM Club,Medium
23CS0151,Eshan,A,23cs151@rns.com,Bhagat Raj,Male,1,0.175,0.693877551,0.2222222222,0.6694045175,1,1,Sports,Low
23CS0152,Ananya,B,23cs152@rns.com,Tisca Chopra ,Female,1,0.26,0.4897959184,0.1111111111,0.3552361396,0.7021276596,0.94,Sports,Low
23CS0153,Nandini,C,23cs153@rns.com,Subramanian,Female,0.6666666667,0.575,0.9591836735,0.1111111111,0.5708418891,0.829787234,0.78,Sports,Medium
23CS0154,Omprakash,D,23cs154@rns.com,G.Kempegowda ,Male,1,0.895,1,0.2222222222,0.3716632444,0.8723404255,0.94,STEM Club,High
23CS0155,Himanshi,E,23cs155@rns.com,Vetrivel,Nonbinary,0,0.785,0.7959183673,0.2222222222,0.2833675565,0.6808510638,0.44,Volunteer,High
23CS0156,Tanvi,F,23cs156@rns.com,Rajesh Sharma ,Female,0.6666666667,0.3,0.7755102041,0.2222222222,0.2813141684,0.5106382979,0.9,Arts,Low
23CS0157,Vishal,A,23cs157@rns.com,Anil Chaudhary,Male,0.3333333333,0.64,0.612244898,0.3333333333,0.3675564682,1,0.82,Arts,Medium
23CS0158,Rachna,B,23cs158@rns.com,Debolina Roy,Male,0.3333333333,0.805,0.8367346939,0.4444444444,0,1,0.5,Volunteer,High
23CS0159,Upasana,C,23cs159@rns.com,Srushti Kulkarni,Female,0.6666666667,0.75,0.8163265306,0.1111111111,0.2772073922,0.8510638298,0.76,None,High
23CS0160,Saira,D,23cs160@rns.com,Priya Gupta,Male,0,0.92,0.9591836735,0.1111111111,0.4969199179,0.7659574468,0.88,None,High
23CS0161,Chitra,E,23cs161@rns.com,Bhagat Raj,Female,1,0.555,0.7142857143,0.1111111111,0.3039014374,0.4893617021,1,STEM Club,Medium
23CS0162,Om,F,23cs162@rns.com,Tisca Chopra ,Male,0.6666666667,0.675,0.4897959184,0,0.1149897331,0.7872340426,0.5,STEM Club,Medium
23CS0163,Ishwar,A,23cs163@rns.com,Subramanian,Male,0,0.28,0.9591836735,0.2222222222,0.3347022587,1,0.66,Volunteer,Low
23CS0164,Lata,B,23cs164@rns.com,G.Kempegowda ,Male,1,0.705,0.7346938776,0.1111111111,0.5277207392,0.9787234043,1,Sports,Medium
23CS0165,Ranjana,C,23cs165@rns.com,Vetrivel,Female,1,0.3,0.693877551,0.4444444444,0.3778234086,0.7234042553,0.56,None,Low
23CS0166,Diya,D,23cs166@rns.com,Rajesh Sharma ,Male,0.3333333333,0.84,0.693877551,0.3333333333,0.3942505133,0.8085106383,1,Sports,High
23CS0167,Gauri,E,23cs167@rns.com,Anil Chaudhary,Female,0,0.83,0.9183673469,0.2222222222,0.3757700205,0.5319148936,1,None,High
23CS0168,Nandini,F,23cs168@rns.com,Debolina Roy,Female,0,0.87,0.9183673469,0.1111111111,0.1950718686,0.8723404255,0.58,Sports,High
23CS0169,Laxman,A,23cs169@rns.com,Srushti Kulkarni,Female,0.6666666667,0.165,0.5306122449,0.3333333333,0.05954825462,0.8936170213,0.82,STEM Club,Low
23CS0170,Asha,B,23cs170@rns.com,Priya Gupta,Male,0.3333333333,0.275,0.3673469388,0.1111111111,0.2772073922,0.5744680851,0.62,None,Low
23CS0171,Gauri,C,23cs171@rns.com,Bhagat Raj,Male,0.6666666667,0.175,0.7959183673,0.5555555556,0.5503080082,1,1,STEM Club,Low
23CS0172,Falguni,D,23cs172@rns.com,Tisca Chopra ,Female,0.6666666667,0.345,0.6734693878,0.3333333333,0.3942505133,1,0.96,Sports,Low
23CS0173,Kalyani,E,23cs173@rns.com,Subramanian,Male,0.3333333333,0.385,0.9183673469,0.1111111111,0.2012320329,0.9787234043,0.76,Arts,Low
23CS0174,Devendra,F,23cs174@rns.com,G.Kempegowda ,Female,0.6666666667,0.62,0.2857142857,0.1111111111,0.3552361396,0.6382978723,0.74,None,Medium
23CS0175,Yamini,A,23cs175@rns.com,Vetrivel,Male,0.3333333333,0.25,0.6734693878,0.2222222222,0.4681724846,0.4680851064,0.38,Sports,Low
23CS0176,Hemal,B,23cs176@rns.com,Rajesh Sharma ,Female,0.6666666667,0.505,0.5510204082,0.1111111111,0.6119096509,0.9787234043,1,None,Medium
23CS0177,Sundar,C,23cs177@rns.com,Anil Chaudhary,Male,1,0.265,0.3673469388,0.3333333333,0.6036960986,1,0.44,Volunteer,Low
23CS0178,Tanmay,D,23cs178@rns.com,Debolina Roy,Female,0.6666666667,0.74,0.8367346939,0.2222222222,0.2895277207,1,0.7,STEM Club,Medium
23CS0179,Tapan,E,23cs179@rns.com,Srushti Kulkarni,Male,0.6666666667,0.145,0.9591836735,0.1111111111,0.4435318275,1,1,Sports,Low
23CS0180,Jayant,F,23cs180@rns.com,Priya Gupta,Female,0.6666666667,0.815,0.387755102,0.2222222222,0.03901437372,0.5957446809,0.66,None,High
23CS0181,Kavitha,A,23cs181@rns.com,Bhagat Raj,Female,0,0.3,0.5714285714,0.2222222222,0.5359342916,0.7021276596,1,Volunteer,Low
23CS0182,Vikram,B,23cs182@rns.com,Tisca Chopra ,Female,0.6666666667,0.88,0.693877551,0.2222222222,0.2299794661,1,1,Sports,High
23CS0183,Uma,C,23cs183@rns.com,Subramanian,Male,1,0.76,0.3673469388,0.7777777778,0.3326488706,0.5957446809,0.64,None,High
23CS0184,Rakesh,D,23cs184@rns.com,G.Kempegowda ,Male,0.3333333333,0.65,0.612244898,0.1111111111,0.08624229979,1,0.64,Arts,Medium
23CS0185,Ravikiran,E,23cs185@rns.com,Vetrivel,Female,0.3333333333,0.2,0.1020408163,0.1111111111,0.4907597536,1,1,Volunteer,Low
23CS0186,Anjali,F,23cs186@rns.com,Rajesh Sharma ,Male,0.6666666667,0.7,0.9591836735,0.3333333333,0.1786447639,1,0.4,None,Medium
23CS0187,Shweta,A,23cs187@rns.com,Anil Chaudhary,Male,0.3333333333,0.33,0.5306122449,0.1111111111,0.3613963039,1,0.74,None,Low
23CS0188,Saraswati,B,23cs188@rns.com,Debolina Roy,Male,1,0.935,0.4897959184,0.3333333333,0.2854209446,0.829787234,0.7,Volunteer,High
23CS0189,Abhay,C,23cs189@rns.com,Srushti Kulkarni,Male,0.3333333333,0.01,0.2244897959,0,0.340862423,0.829787234,0.48,None,Low
23CS0190,Wasim,D,23cs190@rns.com,Priya Gupta,Female,0,0.505,0.7755102041,0.1111111111,0.5523613963,0.9574468085,0.98,None,Medium
23CS0191,Sharvani,E,23cs191@rns.com,Bhagat Raj,Female,0.3333333333,0.16,0.5306122449,0.2222222222,0.03080082136,0.6595744681,0.5,Arts,Low
23CS0192,Veena,F,23cs192@rns.com,Tisca Chopra ,Male,1,0.7,0.5102040816,0.4444444444,0.3942505133,0.914893617,0.52,Volunteer,Medium
23CS0193,Mohan,A,23cs193@rns.com,Subramanian,Male,1,0.55,0.9387755102,0,0.6878850103,1,1,Sports,Medium
23CS0194,Pritam,B,23cs194@rns.com,G.Kempegowda ,Male,1,0.745,0.4489795918,0.3333333333,0.1170431211,0.5744680851,0.72,Volunteer,Medium
23CS0195,Zarina,C,23cs195@rns.com,Vetrivel,Female,0.6666666667,0.37,0.5306122449,0.3333333333,0.2977412731,0.914893617,0.9,Arts,Low
23CS0196,Jaya,D,23cs196@rns.com,Rajesh Sharma ,Female,1,0.235,0.7755102041,0.2222222222,0.3162217659,0.4042553191,0.74,None,Low
23CS0197,Prakash,E,23cs197@rns.com,Anil Chaudhary,Male,0.3333333333,0.69,0.8163265306,0.4444444444,0.5215605749,1,1,Volunteer,Medium
23CS0198,Imran,F,23cs198@rns.com,Debolina Roy,Male,1,0.03,0.8979591837,0.1111111111,0.4188911704,0.7234042553,1,Sports,Low
23CS0199,Jyoti,A,23cs199@rns.com,Srushti Kulkarni,Male,0.6666666667,0.325,0.8367346939,0.3333333333,0.2607802875,0.5744680851,0.84,Sports,Low
23CS0200,Bharat,B,23cs200@rns.com,Priya Gupta,Male,0.3333333333,0.365,0.7551020408,0.3333333333,0.4229979466,0.5531914894,0.68,Arts,Low
23CS0201,Saanvi,C,23cs201@rns.com,Bhagat Raj,Male,0.6666666667,0.72,0.9795918367,0.3333333333,0.2361396304,0.4893617021,0.88,Sports,Medium
23CS0202,Ranjana,D,23cs202@rns.com,Tisca Chopra ,Female,0.3333333333,0.08,0.8367346939,0.1111111111,0.2012320329,0.2553191489,0.76,None,Low
23CS0203,Ekansh,E,23cs203@rns.com,Subramanian,Female,0,0.79,0.8775510204,0.2222222222,0.5564681725,0.9574468085,0.92,None,High
23CS0204,Chaitanya,F,23cs204@rns.com,G.Kempegowda ,Male,1,0.26,0.387755102,0,0.1067761807,0.9787234043,0.96,Sports,Low
23CS0205,Chandrika,A,23cs205@rns.com,Vetrivel,Male,0.6666666667,0.08,0.387755102,0.3333333333,0.2114989733,0.6808510638,0.64,STEM Club,Low
23CS0206,Shyam,B,23cs206@rns.com,Rajesh Sharma ,Female,0.6666666667,0.44,0.3673469388,0.3333333333,0.4373716632,1,1,Arts,Low
23CS0207,Lalitha,C,23cs207@rns.com,Anil Chaudhary,Female,1,0.445,0.4081632653,0.4444444444,0.3778234086,0.914893617,0.64,Volunteer,Low
23CS0208,Ranjan,D,23cs208@rns.com,Debolina Roy,Male,0,0.31,0.8571428571,0,0.6160164271,1,1,Sports,Low
23CS0209,Sachin,E,23cs209@rns.com,Srushti Kulkarni,Female,0.3333333333,0.485,0.6530612245,0.4444444444,0.2073921971,0.7446808511,0.38,Sports,Low
23CS0210,Basanti,F,23cs210@rns.com,Priya Gupta,Female,0.6666666667,0.32,0.9591836735,0.4444444444,0.3757700205,0.5957446809,0.68,None,Low
23CS0211,Arjun,A,23cs211@rns.com,Bhagat Raj,Male,0,0.65,0.5918367347,0.1111111111,0.08624229979,1,0.54,None,Medium
23CS0212,Taraksh,B,23cs212@rns.com,Tisca Chopra ,Male,0.3333333333,0.81,0.9591836735,0.1111111111,0.3490759754,1,0.92,Sports,High
23CS0213,Aditya,C,23cs213@rns.com,Subramanian,Male,1,0.18,0.9795918367,0,0.4928131417,0.7234042553,1,STEM Club,Low
23CS0214,Pranav,D,23cs214@rns.com,G.Kempegowda ,Female,1,0.69,0.4285714286,0,0.3121149897,0.7234042553,1,Volunteer,Medium
23CS0215,Ashok,E,23cs215@rns.com,Vetrivel,Male,0.3333333333,0.78,0.9387755102,0.2222222222,0.1478439425,0.6595744681,0.22,Volunteer,High
23CS0216,Rituraj,F,23cs216@rns.com,Rajesh Sharma ,Female,0,0.595,0.5714285714,0.4444444444,0.2977412731,0.6808510638,1,None,Medium
23CS0217,Dharam,A,23cs217@rns.com,Anil Chaudhary,Female,0.6666666667,0.58,0.9183673469,0.2222222222,0.273100616,0.829787234,0.74,Volunteer,Medium
23CS0218,Vasundhara,B,23cs218@rns.com,Debolina Roy,Male,0,0.415,0.387755102,0.2222222222,0.318275154,0.7021276596,0.64,Sports,Low
23CS0219,Aisha,C,23cs219@rns.com,Srushti Kulkarni,Male,1,0.37,0.8163265306,0.4444444444,0.1067761807,1,0.84,None,Low
23CS0220,Ramesh,D,23cs220@rns.com,Priya Gupta,Male,0.6666666667,0.465,0.4081632653,0.3333333333,0.2587268994,1,1,Volunteer,Low
23CS0221,Sharanya,E,23cs221@rns.com,Bhagat Raj,Male,0.3333333333,0.185,0.9591836735,0.1111111111,0.180698152,0.7659574468,0.54,Arts,Low
23CS0222,Tanya,F,23cs222@rns.com,Tisca Chopra ,Male,1,0.605,0.8979591837,0.3333333333,0.2628336756,0.8936170213,0.68,None,Medium
23CS0223,Tanveer,A,23cs223@rns.com,Subramanian,Female,0.6666666667,0.7,0.7346938776,0.3333333333,0,0.8510638298,0.48,Sports,Medium
23CS0224,Lata,B,23cs224@rns.com,G.Kempegowda ,Female,0.3333333333,0.675,0.693877551,0.2222222222,0.3203285421,0.7872340426,0.78,Sports,Medium
23CS0225,Laxman,C,23cs225@rns.com,Vetrivel,Female,0.6666666667,0.96,0.8979591837,0.2222222222,0.2895277207,0.6808510638,0.68,STEM Club,High
23CS0226,Anupama,D,23cs226@rns.com,Rajesh Sharma ,Female,1,0.97,0.5714285714,0.4444444444,0.6036960986,1,0.68,Sports,High
23CS0227,Jyoti,E,23cs227@rns.com,Anil Chaudhary,Nonbinary,0,0.17,0.2857142857,0.1111111111,0.1930184805,0.8723404255,0.7,Volunteer,Low
23CS0228,Jaya,F,23cs228@rns.com,Debolina Roy,Female,0.6666666667,0.965,0.7551020408,0,0.5256673511,1,1,None,High
23CS0229,Feroz,A,23cs229@rns.com,Srushti Kulkarni,Male,0,0.725,0.7959183673,0.3333333333,0.3531827515,0.5106382979,0.9,Sports,Medium
23CS0230,Leela,B,23cs230@rns.com,Priya Gupta,Male,0,0.005,0.7755102041,0.2222222222,0,0.4893617021,0.8,Sports,Low
23CS0231,Saira,C,23cs231@rns.com,Bhagat Raj,Male,1,0.89,0.2653061224,0.4444444444,0.3613963039,0.7659574468,0.8,Arts,High
23CS0232,Parvati,D,23cs232@rns.com,Tisca Chopra ,Male,0.3333333333,0.33,0.5510204082,0.3333333333,0.4332648871,0.9361702128,0.8,Sports,Low
23CS0233,Rajendra,E,23cs233@rns.com,Subramanian,Male,0.3333333333,0.38,0.612244898,0.2222222222,0.3942505133,1,0.98,STEM Club,Low
23CS0234,Kalyani,F,23cs234@rns.com,G.Kempegowda ,Male,0.6666666667,0.48,0.7755102041,0.4444444444,0.9034907598,0.7872340426,0.72,Volunteer,Low
23CS0235,Ramesh,A,23cs235@rns.com,Vetrivel,Female,0.3333333333,0.605,0.8979591837,0.2222222222,0.008213552361,0.7872340426,0.48,Volunteer,Medium
23CS0236,Ragini,B,23cs236@rns.com,Rajesh Sharma ,Male,1,0.225,0.9183673469,0.2222222222,0.8521560575,1,1,STEM Club,Low
23CS0237,Arvind,C,23cs237@rns.com,Anil Chaudhary,Female,0.3333333333,0.785,0,0.2222222222,0.3326488706,1,1,Volunteer,High
23CS0238,Dharam,D,23cs238@rns.com,Debolina Roy,Female,1,0.24,0.8571428571,0.2222222222,0.4271047228,0.8510638298,1,Arts,Low
23CS0239,Chandni,E,23cs239@rns.com,Srushti Kulkarni,Male,0.3333333333,0.875,0.5510204082,0.3333333333,0.3388090349,0.9574468085,0.9,STEM Club,High
23CS0240,Elina,F,23cs240@rns.com,Priya Gupta,Female,1,0.86,0.8571428571,0.1111111111,0.2402464066,0.8936170213,0.94,Sports,High
23CS0241,Bhavesh,A,23cs241@rns.com,Bhagat Raj,Male,0.3333333333,0.315,0.7755102041,0.2222222222,0.3018480493,0.9361702128,0.66,Sports,Low
23CS0242,Ekansh,B,23cs242@rns.com,Tisca Chopra ,Male,0,0.255,0.6734693878,0.2222222222,0.3655030801,0.829787234,0.86,Sports,Low
23CS0243,Parvati,C,23cs243@rns.com,Subramanian,Male,1,0.95,0.2244897959,0,0.1437371663,0.8936170213,0.74,Sports,High
23CS0244,Trisha,D,23cs244@rns.com,G.Kempegowda ,Female,0,0.18,0.612244898,0,0.5749486653,0.5531914894,1,Sports,Low
23CS0245,Gopal,E,23cs245@rns.com,Vetrivel,Female,0.3333333333,0.93,0.4285714286,0.4444444444,0.05749486653,0.6595744681,0.48,Volunteer,High
23CS0246,Varun,F,23cs246@rns.com,Rajesh Sharma ,Male,0,0.535,0.9183673469,0.1111111111,0.1560574949,0.7872340426,0.64,Sports,Medium
23CS0247,Ranjani,A,23cs247@rns.com,Anil Chaudhary,Female,0.3333333333,0.355,0.7755102041,0.1111111111,0.227926078,0.7021276596,0.84,None,Low
23CS0248,Janardhan,B,23cs248@rns.com,Debolina Roy,Nonbinary,0.3333333333,0.34,0.04081632653,0.3333333333,0.5215605749,1,1,Arts,Low
23CS0249,Gulshan,C,23cs249@rns.com,Srushti Kulkarni,Nonbinary,1,0.475,0.1836734694,0,0.476386037,0.9787234043,0.92,None,Low
23CS0250,Laxmi,D,23cs250@rns.com,Priya Gupta,Male,0.6666666667,0.075,0.693877551,0,0.6036960986,1,1,None,Low
23CS0251,Satyam,E,23cs251@rns.com,Bhagat Raj,Female,1,0.625,0.7959183673,0.4444444444,0.2340862423,1,0.56,None,Medium
23CS0252,Akhil,F,23cs252@rns.com,Tisca Chopra ,Female,0.3333333333,0.685,0.9183673469,0.3333333333,0.5195071869,0.829787234,0.44,Sports,Medium
23CS0253,Rakesh,A,23cs253@rns.com,Subramanian,Male,0.6666666667,0.73,0.5714285714,0.1111111111,0.3203285421,0.6170212766,0.72,Sports,Medium
23CS0254,Zeba,B,23cs254@rns.com,G.Kempegowda ,Female,0.6666666667,0.725,0.5918367347,0.2222222222,0.5503080082,0.8510638298,0.94,STEM Club,Medium
23CS0255,Ravindra,C,23cs255@rns.com,Vetrivel,Female,0.6666666667,0.97,0.8163265306,0.2222222222,0.1971252567,0.8510638298,0.7,STEM Club,High
23CS0256,Pooja,D,23cs256@rns.com,Rajesh Sharma ,Male,1,0.855,0.1632653061,0.1111111111,0.4147843943,0.914893617,0.42,Sports,High
23CS0257,Poojani,E,23cs257@rns.com,Anil Chaudhary,Male,0,0.345,0.9591836735,0.2222222222,0.3696098563,0.6170212766,0.76,Sports,Low
23CS0258,Nihar,F,23cs258@rns.com,Debolina Roy,Male,0.3333333333,0.795,0.3469387755,0.5555555556,0.476386037,0.7446808511,0.36,Sports,High
23CS0259,Kiran,A,23cs259@rns.com,Srushti Kulkarni,Male,1,0.815,0.693877551,0.1111111111,0.1457905544,0.5531914894,0.92,STEM Club,High
23CS0260,Malini,B,23cs260@rns.com,Priya Gupta,Female,0.3333333333,0.105,0.7755102041,0,0.5379876797,1,0.74,None,Low
23CS0261,Farida,C,23cs261@rns.com,Bhagat Raj,Male,0.6666666667,0.38,0.7755102041,0.3333333333,0.2320328542,0.829787234,0.94,None,Low
23CS0262,Devansh,D,23cs262@rns.com,Tisca Chopra ,Nonbinary,0.3333333333,0.38,0.5510204082,0.3333333333,0.3388090349,0.9574468085,1,STEM Club,Low
23CS0263,Rachit,E,23cs263@rns.com,Subramanian,Female,1,0.445,0.8775510204,0.4444444444,0.4291581109,0.5957446809,0.74,Sports,Low
23CS0264,Zohra,F,23cs264@rns.com,G.Kempegowda ,Male,1,0.88,0.693877551,0.1111111111,0.2895277207,0.9787234043,0.48,None,High
23CS0265,Nagma,A,23cs265@rns.com,Vetrivel,Male,0,0.575,0.9387755102,0.2222222222,0.02258726899,0.4680851064,0.48,None,Medium
23CS0266,Deepa,B,23cs266@rns.com,Rajesh Sharma ,Male,0.3333333333,0.46,0.6530612245,0.2222222222,0.4394250513,1,0.74,Volunteer,Low
23CS0267,Chitra,C,23cs267@rns.com,Anil Chaudhary,Male,1,0.9,0.8163265306,0,0.7905544148,1,1,Volunteer,High
23CS0268,Sunita,D,23cs268@rns.com,Debolina Roy,Male,1,0.405,0.5918367347,0.2222222222,0.7125256674,1,1,STEM Club,Low
23CS0269,Gulab,E,23cs269@rns.com,Srushti Kulkarni,Female,0.3333333333,0.045,0.612244898,0.2222222222,0.3531827515,0.8510638298,0.34,Sports,Low
23CS0270,Eesha,F,23cs270@rns.com,Priya Gupta,Female,1,0.375,0.9795918367,0.1111111111,0.386036961,1,0.48,Arts,Low
23CS0271,Dharani,A,23cs271@rns.com,Bhagat Raj,Male,0,0.285,0.7551020408,0.3333333333,0.18275154,0.8723404255,0.78,Volunteer,Low
23CS0272,Lalith,B,23cs272@rns.com,Tisca Chopra ,Male,0.6666666667,0.375,0.7346938776,0.3333333333,0.5400410678,0.9787234043,0.82,Volunteer,Low
23CS0273,Ramesh,C,23cs273@rns.com,Subramanian,Male,0.6666666667,0.115,0.8571428571,0.1111111111,0.6303901437,1,0.96,None,Low
23CS0274,Kalyan,D,23cs274@rns.com,G.Kempegowda ,Male,0,0.695,0.6734693878,0.3333333333,0.4168377823,0.9361702128,0.84,STEM Club,Medium
23CS0275,Zohra,E,23cs275@rns.com,Vetrivel,Male,1,0.54,0.9591836735,0.2222222222,0.3449691992,1,1,None,Medium
23CS0276,Meera,F,23cs276@rns.com,Rajesh Sharma ,Male,0.3333333333,0.86,0.8775510204,0.1111111111,0.2525667351,0.4893617021,0.66,None,High
23CS0277,Rituraj,A,23cs277@rns.com,Anil Chaudhary,Male,0,0.42,0.9183673469,0.3333333333,0.1416837782,0.5319148936,0.7,Arts,Low
23CS0278,Bhargavi,B,23cs278@rns.com,Debolina Roy,Male,1,0.32,0.2653061224,0.2222222222,0.3203285421,0.9574468085,0.94,Sports,Low
23CS0279,Ananya,C,23cs279@rns.com,Srushti Kulkarni,Male,0.3333333333,0.45,0.8775510204,0,0.5379876797,1,0.66,Volunteer,Low
23CS0280,Falguni,D,23cs280@rns.com,Priya Gupta,Male,0,0.165,0.693877551,0,0.2299794661,0.6382978723,0.78,None,Low
23CS0281,Ravikiran,E,23cs281@rns.com,Bhagat Raj,Male,0.6666666667,0.41,0.2244897959,0.4444444444,0.4845995893,1,1,Arts,Low
23CS0282,Karthik,F,23cs282@rns.com,Tisca Chopra ,Female,1,0.36,0.612244898,0.1111111111,0.3141683778,1,0.94,Volunteer,Low
23CS0283,Kiran,A,23cs283@rns.com,Subramanian,Female,0.6666666667,0.365,0.4081632653,0.4444444444,0.4271047228,1,0.48,Volunteer,Low
23CS0284,Pankaj,B,23cs284@rns.com,G.Kempegowda ,Female,1,0.66,0.9183673469,0.2222222222,0.09240246407,0.4255319149,0.48,None,Medium
23CS0285,Rituraj,C,23cs285@rns.com,Vetrivel,Male,0,0.385,0.5306122449,0.1111111111,0.3305954825,0.8085106383,0.6,Sports,Low
23CS0286,Eshita,D,23cs286@rns.com,Rajesh Sharma ,Female,1,0.535,0.3673469388,0.1111111111,0,0.6170212766,0.78,Arts,Medium
23CS0287,Vishakha,E,23cs287@rns.com,Anil Chaudhary,Female,0,0.68,0.4489795918,0.2222222222,0.4353182752,0.9361702128,1,None,Medium
23CS0288,Keshav,F,23cs288@rns.com,Debolina Roy,Male,1,0.675,0.8163265306,0.3333333333,0.09034907598,0.6382978723,1,Volunteer,Medium
23CS0289,Kanta,A,23cs289@rns.com,Srushti Kulkarni,Female,1,0.11,0.9795918367,0.4444444444,0.3552361396,0.5957446809,0.56,Volunteer,Low
23CS0290,Manorama,B,23cs290@rns.com,Priya Gupta,Male,0.3333333333,0.79,0.6326530612,0.3333333333,0.6878850103,0.9787234043,1,None,High
23CS0291,Devika,C,23cs291@rns.com,Bhagat Raj,Female,0.6666666667,0.64,0.3265306122,0.3333333333,0.2381930185,0.6170212766,0.84,None,Medium
23CS0292,Omkar,D,23cs292@rns.com,Tisca Chopra ,Female,0,0.03,0.7959183673,0.4444444444,0.5954825462,0.8723404255,1,None,Low
23CS0293,Anjali,E,23cs293@rns.com,Subramanian,Male,0,0.94,0.7959183673,0.1111111111,0.1848049281,0.1489361702,0.98,Volunteer,High
23CS0294,Kalyan,F,23cs294@rns.com,G.Kempegowda ,Female,0.6666666667,0.41,0.2448979592,0,0.6919917864,1,1,None,Low
23CS0295,Pritam,A,23cs295@rns.com,Vetrivel,Female,0,0.39,0.8979591837,0.3333333333,0.205338809,0.7446808511,0.26,Sports,Low
23CS0296,Zainab,B,23cs296@rns.com,Rajesh Sharma ,Male,0.6666666667,0.165,0.5918367347,0.1111111111,0.5811088296,1,0.9,Sports,Low
23CS0297,Pradeep,C,23cs297@rns.com,Anil Chaudhary,Male,0.3333333333,0.005,0.4897959184,0.1111111111,0.6611909651,1,0.76,Arts,Low
23CS0298,Yuvika,D,23cs298@rns.com,Debolina Roy,Female,0.3333333333,0.09,0.6326530612,0.1111111111,0.227926078,0.6170212766,0.94,None,Low
23CS0299,Maitreyi,E,23cs299@rns.com,Srushti Kulkarni,Male,0.6666666667,0.475,0.7959183673,0.2222222222,0.2464065708,1,1,None,Low
23CS0300,Vandita,F,23cs300@rns.com,Priya Gupta,Female,0.3333333333,0.705,0.8163265306,0.1111111111,0.3470225873,1,1,Volunteer,Medium
23CS0301,Yashika,A,23cs301@rns.com,Bhagat Raj,Female,0.3333333333,0.69,0.3469387755,0.1111111111,0.3367556468,0.9574468085,1,Volunteer,Medium
23CS0302,Gulshan,B,23cs302@rns.com,Tisca Chopra ,Male,0.6666666667,0.345,0.5918367347,0.4444444444,0.1478439425,0.9574468085,0.94,STEM Club,Low
23CS0303,Kavya,C,23cs303@rns.com,Subramanian,Male,1,0.34,0.9591836735,0.1111111111,0.5503080082,1,0.8,None,Low
23CS0304,Malini,D,23cs304@rns.com,G.Kempegowda ,Male,0,0.925,0.8571428571,0.1111111111,0.3388090349,0.6170212766,0.62,Sports,High
23CS0305,Ajeet,E,23cs305@rns.com,Vetrivel,Male,1,0.24,0.2448979592,0.2222222222,0.3223819302,0.6808510638,0.9,Arts,Low
23CS0306,Sachin,F,23cs306@rns.com,Rajesh Sharma ,Nonbinary,1,0.27,0.612244898,0.3333333333,0.2340862423,0.8085106383,0.84,Sports,Low
23CS0307,Fahim,A,23cs307@rns.com,Anil Chaudhary,Male,0.3333333333,0.275,0.7142857143,0.1111111111,0.1334702259,0.7234042553,0.82,Volunteer,Low
23CS0308,Gulshan,B,23cs308@rns.com,Debolina Roy,Female,0,0.795,0.7959183673,0.2222222222,0.5420944559,1,1,Arts,High
23CS0309,Nivedita,C,23cs309@rns.com,Srushti Kulkarni,Male,1,0.565,0.612244898,0,0.1642710472,0.8723404255,0.9,None,Medium
23CS0310,Triveni,D,23cs310@rns.com,Priya Gupta,Female,0,0.605,0.8571428571,0,0.09856262834,0.4893617021,0.76,Volunteer,Medium
23CS0311,Saira,E,23cs311@rns.com,Bhagat Raj,Female,1,0.47,0.2653061224,0.2222222222,0.2669404517,0.9574468085,1,Volunteer,Low
23CS0312,Zohra,F,23cs312@rns.com,Tisca Chopra ,Female,0,0.19,0.2857142857,0.2222222222,0.7125256674,0.8723404255,1,None,Low
23CS0313,Ramesh,A,23cs313@rns.com,Subramanian,Female,0.3333333333,0.995,0.8979591837,0.1111111111,0.4168377823,0.6808510638,0.94,Arts,High
23CS0314,Lingaraj,B,23cs314@rns.com,G.Kempegowda ,Nonbinary,1,0.285,0.7959183673,0.1111111111,0.3942505133,0.6382978723,0.96,Sports,Low
23CS0315,Shyam,C,23cs315@rns.com,Vetrivel,Male,0,0.635,1,0.3333333333,0.6427104723,1,0.94,Sports,Medium
23CS0316,Gauri,D,23cs316@rns.com,Rajesh Sharma ,Male,1,0.45,0.7551020408,0,0.3264887064,0.5106382979,1,None,Low
23CS0317,Om,E,23cs317@rns.com,Anil Chaudhary,Female,0.3333333333,0.585,0.0612244898,0.4444444444,0.4455852156,1,0.6,Arts,Medium
23CS0318,Uday,F,23cs318@rns.com,Debolina Roy,Female,1,0.795,0.4081632653,0,0.3901437372,1,1,Volunteer,High
23CS0319,Urmila,A,23cs319@rns.com,Srushti Kulkarni,Female,0.3333333333,0.59,0.4285714286,0.2222222222,0.2464065708,0.6170212766,0.4,Arts,Medium
23CS0320,Neelam,B,23cs320@rns.com,Priya Gupta,Female,0.6666666667,0.645,0.612244898,0,0.3983572895,0.1914893617,0.76,None,Medium
23CS0321,Juhi,C,23cs321@rns.com,Bhagat Raj,Male,1,0.135,0.5918367347,0,0.4229979466,0.7872340426,0.64,Arts,Low
23CS0322,Gopal,D,23cs322@rns.com,Tisca Chopra ,Male,0.3333333333,0.155,0.1632653061,0.3333333333,0.4004106776,0.8936170213,0.96,Sports,Low
23CS0323,Anirban,E,23cs323@rns.com,Subramanian,Male,1,0.825,0.9183673469,0.3333333333,0.1273100616,0.5744680851,0.76,Volunteer,High
23CS0324,Saraswati,F,23cs324@rns.com,G.Kempegowda ,Female,0.3333333333,0.795,0.9795918367,0.1111111111,0.1909650924,0.6808510638,0.42,Sports,High
23CS0325,Esha,A,23cs325@rns.com,Vetrivel,Male,0.6666666667,0.83,0.6734693878,0.2222222222,0.3696098563,1,0.94,None,High
23CS0326,Pranitha,B,23cs326@rns.com,Rajesh Sharma ,Male,0.6666666667,0.83,0.8367346939,0.2222222222,0.5277207392,1,0.92,None,High
23CS0327,Deepa,C,23cs327@rns.com,Anil Chaudhary,Male,0.3333333333,0.85,0.9183673469,0.2222222222,0.07186858316,0.4468085106,0.78,STEM Club,High
23CS0328,Kumud,D,23cs328@rns.com,Debolina Roy,Male,1,0.8,0.693877551,0.7777777778,0.7104722793,0.7021276596,0.96,Sports,High
23CS0329,Ravina,E,23cs329@rns.com,Srushti Kulkarni,Female,1,0.575,0.9591836735,0.1111111111,0.6119096509,0.9574468085,1,STEM Club,Medium
23CS0330,Vijay,F,23cs330@rns.com,Priya Gupta,Female,0,0.78,0.8367346939,0.3333333333,0.5379876797,1,0.8,None,High
23CS0331,Ojaswini,A,23cs331@rns.com,Bhagat Raj,Female,0,0.525,0.4897959184,0.3333333333,0.3552361396,0.9787234043,0.7,Sports,Medium
23CS0332,Gopal,B,23cs332@rns.com,Tisca Chopra ,Male,1,0.085,0.5918367347,0,0.3552361396,0.7872340426,0.76,Sports,Low
23CS0333,Meera,C,23cs333@rns.com,Subramanian,Female,0.6666666667,0.94,0.306122449,0.3333333333,0.2402464066,0.9574468085,0.98,Volunteer,High
23CS0334,Feroza,D,23cs334@rns.com,G.Kempegowda ,Female,0.3333333333,0.495,0.9387755102,0.1111111111,0.4476386037,1,1,Volunteer,Low
23CS0335,Vikrant,E,23cs335@rns.com,Vetrivel,Female,0,0.19,0.4693877551,0.3333333333,0.3223819302,0.9574468085,0.58,None,Low
23CS0336,Madhuri,F,23cs336@rns.com,Rajesh Sharma ,Female,1,0.675,0.8163265306,0.4444444444,0.1396303901,0.7446808511,0.94,Sports,Medium
23CS0337,Ritu,A,23cs337@rns.com,Anil Chaudhary,Male,0.3333333333,0.325,0.7755102041,0.1111111111,0.4455852156,0.914893617,0.46,None,Low
23CS0338,Ojas,B,23cs338@rns.com,Debolina Roy,Male,0,0.16,0.3265306122,0.1111111111,0.2443531828,0.6595744681,0.46,Arts,Low
23CS0339,Nitin,C,23cs339@rns.com,Srushti Kulkarni,Female,0,0.59,0.6734693878,0.1111111111,0,0.8936170213,0.44,Sports,Medium
23CS0340,Anirudh,D,23cs340@rns.com,Priya Gupta,Female,0.3333333333,0.1,0.9183673469,0.1111111111,0.1930184805,0.6382978723,0.46,Volunteer,Low
23CS0341,Jagruti,E,23cs341@rns.com,Bhagat Raj,Male,1,0.79,0.6326530612,0.1111111111,0.1622176591,0.6595744681,0.32,Volunteer,High
23CS0342,Asha,F,23cs342@rns.com,Tisca Chopra ,Female,0.6666666667,0.085,0.8571428571,0.3333333333,0.6160164271,0.9787234043,0.98,Sports,Low
23CS0343,Jeevan,A,23cs343@rns.com,Subramanian,Female,0.6666666667,0.135,0.7551020408,0.5555555556,0.2114989733,0.4893617021,0.52,Sports,Low
23CS0344,Maitreyi,B,23cs344@rns.com,G.Kempegowda ,Female,0,0.47,0.612244898,0.2222222222,0.2361396304,0.6170212766,0.94,Volunteer,Low
23CS0345,Tanveer,C,23cs345@rns.com,Vetrivel,Female,1,0.485,0.5102040816,0,0.3572895277,0.8723404255,0.9,STEM Club,Low
23CS0346,Kavya,D,23cs346@rns.com,Rajesh Sharma ,Male,1,0.06,0.6530612245,0.1111111111,0,0.5744680851,0.62,None,Low
23CS0347,Urmil,E,23cs347@rns.com,Anil Chaudhary,Male,0,0.825,0.306122449,0.3333333333,0.4969199179,1,1,Sports,High
23CS0348,Irfan,F,23cs348@rns.com,Debolina Roy,Female,0.3333333333,0.085,0.8163265306,0.3333333333,0.3798767967,0.8723404255,0.92,Sports,Low
23CS0349,Rakesh,A,23cs349@rns.com,Srushti Kulkarni,Female,0.3333333333,0.17,0.8979591837,0.2222222222,0.2238193018,0.9574468085,0.44,None,Low
23CS0350,Arvind,B,23cs350@rns.com,Priya Gupta,Male,0,0.67,0.9183673469,0.2222222222,0.4969199179,0.7021276596,1,None,Medium
23CS0351,Hemal,C,23cs351@rns.com,Bhagat Raj,Male,0.6666666667,0.69,0.5918367347,0.1111111111,0.1006160164,1,0.56,None,Medium
23CS0352,Asha,D,23cs352@rns.com,Tisca Chopra ,Male,0,0.215,0.4897959184,0.2222222222,0.05133470226,0.2765957447,0.44,Arts,Low
23CS0353,Abhay,E,23cs353@rns.com,Subramanian,Male,0.3333333333,0.685,0.693877551,0.2222222222,0.2299794661,0.8723404255,0.7,Sports,Medium
23CS0354,Jaya,F,23cs354@rns.com,G.Kempegowda ,Female,1,0.39,0.7346938776,0.1111111111,0.5030800821,1,0.7,None,Low
23CS0355,Waris,A,23cs355@rns.com,Vetrivel,Female,0.3333333333,0.18,0.8367346939,0.1111111111,0.006160164271,0.4255319149,0.5,None,Low
23CS0356,Rituparna,B,23cs356@rns.com,Rajesh Sharma ,Male,0.3333333333,0.92,0.5102040816,1,0,0.5319148936,0.5,STEM Club,High
23CS0357,Pranati,C,23cs357@rns.com,Anil Chaudhary,Female,1,0.62,0.8367346939,0.2222222222,0.3367556468,1,0.94,Volunteer,Medium
23CS0358,Satyam,D,23cs358@rns.com,Debolina Roy,Male,1,0.98,0.1224489796,0.4444444444,0.2648870637,0.1914893617,0.46,Sports,High
23CS0359,Omisha,E,23cs359@rns.com,Srushti Kulkarni,Male,0.6666666667,0.18,0.9183673469,0.2222222222,0.5051334702,1,0.76,Sports,Low
23CS0360,Zubeda,F,23cs360@rns.com,Priya Gupta,Male,0,0.595,0.8163265306,0,0.2443531828,0.2553191489,0.96,None,Medium
23CS0361,Rachit,A,23cs361@rns.com,Bhagat Raj,Female,0.3333333333,0.61,0.306122449,0.1111111111,0.4640657084,0.8936170213,1,None,Medium
23CS0362,Dharam,B,23cs362@rns.com,Tisca Chopra ,Male,1,0.835,0.306122449,0.2222222222,0.386036961,1,1,None,High
23CS0363,Ragini,C,23cs363@rns.com,Subramanian,Female,0.3333333333,0.825,0.8571428571,0.3333333333,0,0.3191489362,0.68,Sports,High
23CS0364,Ranjani,D,23cs364@rns.com,G.Kempegowda ,Male,1,0.195,0.4693877551,0.1111111111,0.2874743326,0.5957446809,1,None,Low
23CS0365,Ananya,E,23cs365@rns.com,Vetrivel,Male,0,0.745,0.7755102041,0.1111111111,0.4620123203,0.9574468085,0.66,Sports,Medium
23CS0366,Karthik,F,23cs366@rns.com,Rajesh Sharma ,Female,1,0.935,0.9591836735,0.1111111111,0.4948665298,1,1,Volunteer,High
23CS0367,Pranati,A,23cs367@rns.com,Anil Chaudhary,Nonbinary,1,0.275,0.4897959184,0,0.2936344969,0.4680851064,0.8,Arts,Low
23CS0368,Vandita,B,23cs368@rns.com,Debolina Roy,Male,0,0.39,0.2040816327,0.4444444444,0.2114989733,0.4468085106,0.52,Sports,Low
23CS0369,Vibha,C,23cs369@rns.com,Srushti Kulkarni,Female,0.3333333333,0.785,0.7551020408,0.1111111111,0.1190965092,1,0.9,Volunteer,High
23CS0370,Vandana,D,23cs370@rns.com,Priya Gupta,Female,0.3333333333,0.435,0.693877551,0.4444444444,0.2361396304,1,0.96,None,Low
23CS0371,Pranav,E,23cs371@rns.com,Bhagat Raj,Female,0,0.97,0.1428571429,0.2222222222,0.3921971253,0.8510638298,0.92,None,High
23CS0372,Oorja,F,23cs372@rns.com,Tisca Chopra ,Female,0.6666666667,0.455,0.5714285714,0.3333333333,0.2895277207,0.6595744681,0.7,Arts,Low
23CS0373,Poojani,A,23cs373@rns.com,Subramanian,Female,0.3333333333,0.655,0.612244898,0.3333333333,0.4250513347,1,1,Arts,Medium
23CS0374,Indira,B,23cs374@rns.com,G.Kempegowda ,Male,1,0.33,0.8163265306,0.3333333333,0.6201232033,1,0.98,None,Low
23CS0375,Indu,C,23cs375@rns.com,Vetrivel,Female,0.3333333333,0.615,0.8775510204,0.1111111111,0.3326488706,1,0.88,Sports,Medium
23CS0376,Kavitha,D,23cs376@rns.com,Rajesh Sharma ,Female,0,0.28,0.8979591837,0.1111111111,0.2710472279,0.5531914894,0.64,Arts,Low
23CS0377,Harshal,E,23cs377@rns.com,Anil Chaudhary,Male,0,0.635,0.6326530612,0.5555555556,0.2915811088,0.914893617,0.84,Arts,Medium
23CS0378,Vandana,F,23cs378@rns.com,Debolina Roy,Female,0.3333333333,0.255,0.8367346939,0.3333333333,0.1540041068,0.5744680851,0.74,Arts,Low
23CS0379,Nagma,A,23cs379@rns.com,Srushti Kulkarni,Male,1,0.43,0.8571428571,0.4444444444,0.318275154,0.8085106383,0.48,Sports,Low
23CS0380,Rituparna,B,23cs380@rns.com,Priya Gupta,Female,0,0.79,0.9795918367,0.2222222222,0.2361396304,0.9787234043,1,None,High
23CS0381,Smita,C,23cs381@rns.com,Bhagat Raj,Female,0.3333333333,0.375,0.4081632653,0.2222222222,0.160164271,0.8723404255,0.28,Sports,Low
23CS0382,Rakesh,D,23cs382@rns.com,Tisca Chopra ,Male,0,0.26,0.8979591837,0.2222222222,0.476386037,0.7872340426,0.84,None,Low
23CS0383,Hema,E,23cs383@rns.com,Subramanian,Male,0.6666666667,0.645,0.8571428571,0,0.2813141684,0.9574468085,0.7,Volunteer,Medium
23CS0384,Feroz,F,23cs384@rns.com,G.Kempegowda ,Male,1,0.905,0.9183673469,0.2222222222,0.0841889117,0.8510638298,0.88,Sports,High
23CS0385,Laxman,A,23cs385@rns.com,Vetrivel,Male,0.3333333333,0.52,0.8979591837,0.2222222222,0.5359342916,1,0.88,Sports,Medium
23CS0386,Umesh,B,23cs386@rns.com,Rajesh Sharma ,Male,0.6666666667,0.285,0.693877551,0.3333333333,0.2381930185,1,0.7,STEM Club,Low
23CS0387,Ishani,C,23cs387@rns.com,Anil Chaudhary,Female,1,0.275,0.3469387755,0.1111111111,0.4045174538,0.6382978723,0.92,Sports,Low
23CS0388,Indu,D,23cs388@rns.com,Debolina Roy,Female,0,0.435,0.8367346939,0,0.5338809035,0.9574468085,0.84,Sports,Low
23CS0389,Chandrika,E,23cs389@rns.com,Srushti Kulkarni,Male,0.6666666667,0.36,0.5102040816,0.5555555556,0.158110883,0.6808510638,1,STEM Club,Low
23CS0390,Ashok,F,23cs390@rns.com,Priya Gupta,Male,1,0.17,0.5510204082,0.5555555556,0.07392197125,0.2340425532,0.72,Volunteer,Low
23CS0391,Amrita,A,23cs391@rns.com,Bhagat Raj,Nonbinary,1,0.695,0.9183673469,0,0.2320328542,0.8085106383,0.88,Arts,Medium
23CS0392,Indira,B,23cs392@rns.com,Tisca Chopra ,Female,0.3333333333,0.445,0.9387755102,0.1111111111,0.2320328542,1,0.58,None,Low
23CS0393,Hitesh,C,23cs393@rns.com,Subramanian,Female,0.3333333333,0.305,0.7551020408,0.2222222222,0.5092402464,0.4468085106,0.76,Arts,Low
23CS0394,Ranjana,D,23cs394@rns.com,G.Kempegowda ,Male,0.6666666667,0.2,0.9795918367,0.1111111111,0.09650924025,0.6170212766,0.54,STEM Club,Low
23CS0395,Umesh,E,23cs395@rns.com,Vetrivel,Female,1,0.09,0.612244898,0.6666666667,0.3121149897,1,0.64,None,Low
23CS0396,Diya,F,23cs396@rns.com,Rajesh Sharma ,Male,1,0.2,0.6530612245,0.2222222222,0.3880903491,0.914893617,0.92,None,Low
23CS0397,Dharani,A,23cs397@rns.com,Anil Chaudhary,Male,0,0.43,0.4285714286,0.1111111111,0.1765913758,0.7659574468,0.66,Volunteer,Low
23CS0398,Harshita,B,23cs398@rns.com,Debolina Roy,Female,0.6666666667,0.71,0.7142857143,0.1111111111,0.3285420945,0.6170212766,0.98,None,Medium
23CS0399,Ashok,C,23cs399@rns.com,Srushti Kulkarni,Male,0,0.395,0.8571428571,0.3333333333,0.4640657084,1,0.72,STEM Club,Low
23CS0400,Wali,D,23cs400@rns.com,Priya Gupta,Male,0,0.195,0.8979591837,0.3333333333,0.227926078,0.5744680851,1,Sports,Low
23CS0401,Zarina,E,23cs401@rns.com,Bhagat Raj,Female,0,0.59,0.693877551,0.3333333333,0.2648870637,0.2978723404,0.54,Sports,Medium
23CS0402,Elina,F,23cs402@rns.com,Tisca Chopra ,Male,0,0.65,0.9591836735,0.1111111111,0.2032854209,0.9787234043,0.74,None,Medium
23CS0403,Ravindra,A,23cs403@rns.com,Subramanian,Male,0.6666666667,0.645,0.9591836735,0.4444444444,0.09240246407,0.914893617,0.86,STEM Club,Medium
23CS0404,Amar,B,23cs404@rns.com,G.Kempegowda ,Male,0.3333333333,0.81,0.8979591837,0.3333333333,0.3264887064,0.8085106383,0.64,Sports,High
23CS0405,Chandrika,C,23cs405@rns.com,Vetrivel,Female,0.3333333333,0.81,0.9387755102,0.4444444444,0.3798767967,0.7021276596,0.78,Arts,High
23CS0406,Yuvika,D,23cs406@rns.com,Rajesh Sharma ,Male,0.6666666667,0.79,0.387755102,0.1111111111,0.4024640657,1,0.64,Arts,High
23CS0407,Kanta,E,23cs407@rns.com,Anil Chaudhary,Female,1,0.88,0.5714285714,0,0.5195071869,1,1,STEM Club,High
23CS0408,Basanti,F,23cs408@rns.com,Debolina Roy,Female,0.3333333333,0.71,0.4489795918,0.2222222222,0.5667351129,1,1,Volunteer,Medium
23CS0409,Bhavana,A,23cs409@rns.com,Srushti Kulkarni,Male,0,0.75,0.6734693878,0.1111111111,0.2874743326,0.8936170213,0.8,Arts,High
23CS0410,Chandrika,B,23cs410@rns.com,Priya Gupta,Female,0.3333333333,0.2,0.6734693878,0.3333333333,0.6755646817,1,0.94,Sports,Low
23CS0411,Feroza,C,23cs411@rns.com,Bhagat Raj,Female,1,0.07,0.7346938776,0.3333333333,0.4065708419,0.9787234043,1,Volunteer,Low
23CS0412,Ramesh,D,23cs412@rns.com,Tisca Chopra ,Male,1,0.445,0.6326530612,0.1111111111,0.5790554415,1,0.78,Arts,Low
23CS0413,Ashwin,E,23cs413@rns.com,Subramanian,Male,1,0.055,0.4897959184,0,0.2135523614,0.5106382979,0.6,Sports,Low
23CS0414,Namita,F,23cs414@rns.com,G.Kempegowda ,Male,0,0.415,0.8163265306,0.4444444444,0.5646817248,0.9787234043,0.8,None,Low
23CS0415,Usha,A,23cs415@rns.com,Vetrivel,Male,0.3333333333,0.455,0.693877551,0,0.4907597536,0.7872340426,0.66,STEM Club,Low
23CS0416,Bhargavi,B,23cs416@rns.com,Rajesh Sharma ,Female,0,0.685,0.7551020408,0.1111111111,0.5071868583,0.8723404255,1,Sports,Medium
23CS0417,Zoya,C,23cs417@rns.com,Anil Chaudhary,Female,0,0.31,0.4897959184,0.2222222222,0.4127310062,0.7446808511,0.76,Arts,Low
23CS0418,Madhav,D,23cs418@rns.com,Debolina Roy,Female,0.3333333333,0.105,0.6734693878,0,0.3388090349,0.6595744681,1,Sports,Low
23CS0419,Chitra,E,23cs419@rns.com,Srushti Kulkarni,Male,0.6666666667,0.77,0.612244898,0.1111111111,0.5420944559,1,0.94,None,High
23CS0420,Kumari,F,23cs420@rns.com,Priya Gupta,Male,1,0.155,0.4897959184,0.2222222222,0.3572895277,1,0.62,Arts,Low
23CS0421,Yuvraj,A,23cs421@rns.com,Bhagat Raj,Male,1,0.08,0.2653061224,0.2222222222,0,1,0.6,None,Low
23CS0422,Nikhil,B,23cs422@rns.com,Tisca Chopra ,Male,0.6666666667,0.28,0.2244897959,0.1111111111,0,0.2127659574,0.62,Sports,Low
23CS0423,Sneha,C,23cs423@rns.com,Subramanian,Female,1,0.69,0.4285714286,0.1111111111,0.2977412731,0.829787234,0.74,Arts,Medium
23CS0424,Shabnam,D,23cs424@rns.com,G.Kempegowda ,Male,0.3333333333,0.58,0.7755102041,0.5555555556,0.3141683778,0.4893617021,0.96,Sports,Medium
23CS0425,Imran,E,23cs425@rns.com,Vetrivel,Female,1,0.405,0.6326530612,0.4444444444,0.2792607803,0.6170212766,0.94,STEM Club,Low
23CS0426,Asha,F,23cs426@rns.com,Rajesh Sharma ,Male,1,0.485,0.4897959184,0.3333333333,0.4496919918,0.6382978723,0.96,STEM Club,Low
23CS0427,Madhukar,A,23cs427@rns.com,Anil Chaudhary,Female,1,0.67,0.6530612245,0.3333333333,0,0.8936170213,0.52,STEM Club,Medium
23CS0428,Dharitri,B,23cs428@rns.com,Debolina Roy,Male,0.3333333333,0.885,0.7755102041,0.1111111111,0.5708418891,1,0.88,None,High
23CS0429,Jagdish,C,23cs429@rns.com,Srushti Kulkarni,Female,0,0.51,0.7959183673,0,0.1971252567,1,0.76,None,Medium
23CS0430,Pallavi,D,23cs430@rns.com,Priya Gupta,Female,0.6666666667,0.24,0.9795918367,0.2222222222,0.523613963,1,0.98,Arts,Low
23CS0431,Madhuri,E,23cs431@rns.com,Bhagat Raj,Female,0.6666666667,0.005,1,0.1111111111,0.2833675565,1,0.86,Volunteer,Low
23CS0432,Fazal,F,23cs432@rns.com,Tisca Chopra ,Male,0.3333333333,0.565,0.5510204082,0.3333333333,0.3778234086,0.5319148936,0.36,STEM Club,Medium
23CS0433,Gopal,A,23cs433@rns.com,Subramanian,Male,0,0.26,0.2244897959,0,0.4332648871,1,1,STEM Club,Low
23CS0434,Vinod,B,23cs434@rns.com,G.Kempegowda ,Female,0,0.645,0.693877551,0.4444444444,0.5482546201,1,0.94,Sports,Medium
23CS0435,Ojas,C,23cs435@rns.com,Vetrivel,Female,0,0.59,0.612244898,0.4444444444,0.4517453799,0.6595744681,0.76,Sports,Medium
23CS0436,Yashika,D,23cs436@rns.com,Rajesh Sharma ,Male,1,0.24,0.8775510204,0.1111111111,0.2833675565,0.8936170213,0.9,Sports,Low
23CS0437,Harshita,E,23cs437@rns.com,Anil Chaudhary,Female,1,0.135,0.7755102041,0.1111111111,0.1416837782,0.6595744681,0.64,None,Low
23CS0438,Farida,F,23cs438@rns.com,Debolina Roy,Male,0,0.01,0.1836734694,0.2222222222,0.6221765914,1,1,None,Low
23CS0439,Abhay,A,23cs439@rns.com,Srushti Kulkarni,Male,1,0.345,0.7551020408,0.6666666667,0.2176591376,0.5957446809,0.7,Volunteer,Low
23CS0440,Nandan,B,23cs440@rns.com,Priya Gupta,Female,0,0.46,0.9795918367,0.1111111111,0.4188911704,0.6808510638,0.98,None,Low
23CS0441,Gopal,C,23cs441@rns.com,Bhagat Raj,Female,1,0.005,0.5306122449,0.3333333333,0.453798768,1,1,None,Low
23CS0442,Garima,D,23cs442@rns.com,Tisca Chopra ,Nonbinary,0.6666666667,0.61,0.8571428571,0.3333333333,0.6160164271,1,1,None,Medium
23CS0443,Suhas,E,23cs443@rns.com,Subramanian,Female,0.3333333333,0.795,0.9387755102,0.3333333333,0.227926078,0.9787234043,0.54,Volunteer,High
23CS0444,Tushar,F,23cs444@rns.com,G.Kempegowda ,Female,0,0.325,0.8367346939,0.2222222222,0.5975359343,1,1,Arts,Low
23CS0445,Ananya,A,23cs445@rns.com,Vetrivel,Male,1,0.18,0.4897959184,0.2222222222,0.02669404517,0.4255319149,0.5,Arts,Low
23CS0446,Lalit,B,23cs446@rns.com,Rajesh Sharma ,Male,0,0.78,0.5918367347,0.5555555556,0.4845995893,1,1,Volunteer,High
23CS0447,Satyam,C,23cs447@rns.com,Anil Chaudhary,Nonbinary,0.6666666667,0.43,0.9387755102,0.1111111111,0.2833675565,0.4255319149,0.8,Sports,Low
23CS0448,Dinesh,D,23cs448@rns.com,Debolina Roy,Male,0.3333333333,0.62,0.7142857143,0,0.1909650924,0.829787234,0.7,Arts,Medium
23CS0449,Rachit,E,23cs449@rns.com,Srushti Kulkarni,Female,0.6666666667,0.25,0.4693877551,0.1111111111,0.158110883,0.7659574468,0.74,None,Low
23CS0450,Prakash,F,23cs450@rns.com,Priya Gupta,Female,1,0.055,0.9795918367,0.6666666667,0.3162217659,0.8936170213,0.42,None,Low
23CS0451,Jagruti,A,23cs451@rns.com,Bhagat Raj,Male,0,1,0.5714285714,0.2222222222,0.3305954825,0.8510638298,1,STEM Club,High
23CS0452,Varun,B,23cs452@rns.com,Tisca Chopra ,Male,0.3333333333,0.235,0.7142857143,0.1111111111,0.112936345,0.7872340426,0.58,STEM Club,Low
23CS0453,Falguni,C,23cs453@rns.com,Subramanian,Female,0.6666666667,0.62,0.9387755102,0.1111111111,0.4045174538,1,0.84,Sports,Medium
23CS0454,Ajeet,D,23cs454@rns.com,G.Kempegowda ,Male,0,0.65,0.9183673469,0.1111111111,0.4045174538,1,0.8,Sports,Medium
23CS0455,Bina,E,23cs455@rns.com,Vetrivel,Female,0.6666666667,0.67,0.8979591837,0.4444444444,0.3429158111,0.6808510638,1,Arts,Medium
23CS0456,Pranav,F,23cs456@rns.com,Rajesh Sharma ,Male,0.3333333333,0.95,0.7346938776,0.2222222222,0.1375770021,0.6170212766,0.08,None,High
23CS0457,Darshan,A,23cs457@rns.com,Anil Chaudhary,Female,0,0.175,0.0612244898,0.1111111111,0.2689938398,0.8510638298,0.56,None,Low
23CS0458,Kiran,B,23cs458@rns.com,Debolina Roy,Female,0.3333333333,0.24,0.2448979592,0,0.5092402464,1,0.78,None,Low
23CS0459,Gitanjali,C,23cs459@rns.com,Srushti Kulkarni,Female,0.6666666667,0.44,0.3469387755,0,0.4168377823,0.7446808511,0.88,Sports,Low
23CS0460,Rekha,D,23cs460@rns.com,Priya Gupta,Female,0.6666666667,0.005,0.5918367347,0.1111111111,0.3059548255,0.9787234043,1,STEM Club,Low
23CS0461,Chandresh,E,23cs461@rns.com,Bhagat Raj,Female,0,0.825,0.3469387755,0.2222222222,0.4188911704,0.4680851064,0.66,Sports,High
23CS0462,Esha,F,23cs462@rns.com,Tisca Chopra ,Male,0.3333333333,0.985,0.7959183673,0,0.3572895277,0.9361702128,1,None,High
23CS0463,Triveni,A,23cs463@rns.com,Subramanian,Male,1,0.795,0.6530612245,0.2222222222,0.227926078,1,0.76,Arts,High
23CS0464,Pradeep,B,23cs464@rns.com,G.Kempegowda ,Male,0.6666666667,0.61,0.8163265306,0.2222222222,0.5420944559,0.829787234,1,Volunteer,Medium
23CS0465,Sachin,C,23cs465@rns.com,Vetrivel,Nonbinary,1,0.14,0.8775510204,0.1111111111,0,0.3829787234,0.42,None,Low
23CS0466,Padmini,D,23cs466@rns.com,Rajesh Sharma ,Female,1,0.67,1,0.1111111111,0.568788501,1,0.78,None,Medium
23CS0467,Gulzar,E,23cs467@rns.com,Anil Chaudhary,Female,0,0.72,0.7959183673,0.3333333333,0.3983572895,0.5957446809,1,Sports,Medium
23CS0468,Nirmala,F,23cs468@rns.com,Debolina Roy,Male,0.6666666667,0.15,0.9183673469,0.2222222222,0.3901437372,0.8510638298,1,STEM Club,Low
23CS0469,Yatindra,A,23cs469@rns.com,Srushti Kulkarni,Female,1,0.175,0.3673469388,0.2222222222,0.3921971253,1,0.58,Arts,Low
23CS0470,Bhanu,B,23cs470@rns.com,Priya Gupta,Nonbinary,1,0.135,0.1836734694,0.2222222222,0.2833675565,0.6382978723,0.64,STEM Club,Low
23CS0471,Aarti,C,23cs471@rns.com,Bhagat Raj,Female,0.6666666667,0.74,0.8571428571,0.2222222222,0.1765913758,0.829787234,0.92,Volunteer,Medium
23CS0472,Devika,D,23cs472@rns.com,Tisca Chopra ,Nonbinary,1,0.93,0.9795918367,0.1111111111,0.6735112936,1,1,STEM Club,High
23CS0473,Suresh,E,23cs473@rns.com,Subramanian,Female,0.3333333333,0.06,0.4081632653,0,0.3059548255,0.8936170213,0.62,Arts,Low
23CS0474,Indira,F,23cs474@rns.com,G.Kempegowda ,Male,0.3333333333,0.5,0.7755102041,0.1111111111,0.3655030801,0.8723404255,0.2,Sports,Medium
23CS0475,Ovi,A,23cs475@rns.com,Vetrivel,Male,0.3333333333,0.58,0.7551020408,0.2222222222,0.4948665298,0.8723404255,0.98,None,Medium
23CS0476,Tanveer,B,23cs476@rns.com,Rajesh Sharma ,Nonbinary,1,0.065,0.7142857143,0,0.3080082136,1,0.66,Volunteer,Low
23CS0477,Rajendra,C,23cs477@rns.com,Anil Chaudhary,Female,0,0.54,0.6530612245,0.3333333333,0.3983572895,0.8510638298,0.42,Sports,Medium
23CS0478,Varsha,D,23cs478@rns.com,Debolina Roy,Male,0.3333333333,0.115,0.7142857143,0.2222222222,0.1293634497,0.6808510638,0,None,Low
23CS0479,Lokesh,E,23cs479@rns.com,Srushti Kulkarni,Nonbinary,1,0.335,0.8775510204,0,0.5256673511,0.8936170213,1,Arts,Low
23CS0480,Dharitri,F,23cs480@rns.com,Priya Gupta,Male,0,0.72,0.7142857143,0.2222222222,0.06776180698,0.7446808511,0.78,Sports,Medium
23CS0481,Manav,A,23cs481@rns.com,Bhagat Raj,Male,1,0.965,0.7142857143,0.4444444444,0.3285420945,0.6382978723,0.76,Arts,High
23CS0482,Dharam,B,23cs482@rns.com,Tisca Chopra ,Male,0.6666666667,0.99,0.1020408163,0.2222222222,0.3039014374,0.8936170213,1,Arts,High
23CS0483,Leelavati,C,23cs483@rns.com,Subramanian,Female,1,0.815,0.5918367347,0.4444444444,0.3921971253,0.7021276596,0.94,Sports,High
23CS0484,Jyoti,D,23cs484@rns.com,G.Kempegowda ,Male,0.6666666667,0.925,0.7346938776,0.3333333333,0.476386037,0.7446808511,1,STEM Club,High
23CS0485,Bhargavi,E,23cs485@rns.com,Vetrivel,Male,0,0.655,0.7346938776,0.3333333333,0.09445585216,0.6595744681,0.3,Sports,Medium
23CS0486,Gaurav,F,23cs486@rns.com,Rajesh Sharma ,Male,0.6666666667,0.17,0.8979591837,0.4444444444,0.1170431211,0.6808510638,0.6,Sports,Low
23CS0487,Tapan,A,23cs487@rns.com,Anil Chaudhary,Female,1,0.85,0.9387755102,0.2222222222,0.3449691992,1,0.5,Arts,High
23CS0488,Chitra,B,23cs488@rns.com,Debolina Roy,Female,0.6666666667,0.97,0.5102040816,0.1111111111,0.06570841889,0.4893617021,0.52,Arts,High
23CS0489,Anupama,C,23cs489@rns.com,Srushti Kulkarni,Male,0.3333333333,0.6,0.6734693878,0.6666666667,0.3942505133,0.8936170213,0.72,STEM Club,Medium
23CS0490,Tejas,D,23cs490@rns.com,Priya Gupta,Male,0.3333333333,0.48,0.3673469388,0,0.5564681725,1,1,Sports,Low
23CS0491,Faiyaz,E,23cs491@rns.com,Bhagat Raj,Female,0,0.93,0.9183673469,0.1111111111,0,0.8510638298,0.74,Arts,High
23CS0492,Devansh,F,23cs492@rns.com,Tisca Chopra ,Male,0,0.885,0.9795918367,0,0.3347022587,0.7234042553,0.98,None,High
23CS0493,Namrata,A,23cs493@rns.com,Subramanian,Female,0.3333333333,0.88,0.8775510204,0.3333333333,0.03490759754,0.5957446809,0.7,Volunteer,High
23CS0494,Tanu,B,23cs494@rns.com,G.Kempegowda ,Female,0,0.375,0.2448979592,0.1111111111,0.1457905544,0.8936170213,1,Sports,Low
23CS0495,Ritu,C,23cs495@rns.com,Vetrivel,Female,0.6666666667,0.47,0.7551020408,0.3333333333,0.180698152,0.8085106383,0.7,STEM Club,Low
23CS0496,Bhavesh,D,23cs496@rns.com,Rajesh Sharma ,Female,0.3333333333,0.545,0.6326530612,0.2222222222,0.2772073922,0.2978723404,0.52,None,Medium
23CS0497,Chandrika,E,23cs497@rns.com,Anil Chaudhary,Male,0,0.92,0.693877551,0.1111111111,0.7063655031,1,1,None,High
23CS0498,Vandita,F,23cs498@rns.com,Debolina Roy,Female,0.3333333333,0.68,0.7346938776,0.1111111111,0.3367556468,1,0.6,Sports,Medium
23CS0499,Feroz,A,23cs499@rns.com,Srushti Kulkarni,Nonbinary,0.3333333333,0.345,0.5714285714,0.4444444444,0.2320328542,0.7021276596,1,Volunteer,Low
23CS0500,Saanvi,B,23cs500@rns.com,Priya Gupta,Nonbinary,0.6666666667,0.675,0.5714285714,0.1111111111,0.476386037,0.829787234,0.86,Arts,Medium
23CS0501,Fazal,C,23cs501@rns.com,Bhagat Raj,Male,0.3333333333,0.82,0.8367346939,0.1111111111,0.1704312115,0.8510638298,0.48,Sports,High
23CS0502,Namrata,D,23cs502@rns.com,Tisca Chopra ,Female,1,0.65,0.8163265306,0.1111111111,0,0.3617021277,0.52,Sports,Medium
23CS0503,Saira,E,23cs503@rns.com,Subramanian,Female,0,0.205,0.9591836735,0.3333333333,0.7700205339,0.829787234,1,Volunteer,Low
23CS0504,Siddharth,F,23cs504@rns.com,G.Kempegowda ,Male,0.6666666667,0.52,0.4081632653,0.3333333333,0.3880903491,0.5106382979,0.86,Sports,Medium
23CS0505,Manorama,A,23cs505@rns.com,Vetrivel,Male,1,0.835,0.8571428571,0.2222222222,0.2977412731,0.7446808511,0.86,Arts,High
23CS0506,Ekansh,B,23cs506@rns.com,Rajesh Sharma ,Female,1,0.32,0.4693877551,0.2222222222,0.3757700205,0.8085106383,0.88,Arts,Low
23CS0507,Amar,C,23cs507@rns.com,Anil Chaudhary,Nonbinary,0.3333333333,0.13,0.8775510204,0.4444444444,0.158110883,0.5957446809,0.84,Volunteer,Low
23CS0508,Usha,D,23cs508@rns.com,Debolina Roy,Male,0.6666666667,0.895,0.8979591837,0.3333333333,0.4455852156,0.8936170213,0.88,Sports,High
23CS0509,Arjun,E,23cs509@rns.com,Srushti Kulkarni,Male,0.6666666667,0.755,0.4285714286,0.2222222222,0.7310061602,1,1,Volunteer,High
23CS0510,Faiyaz,F,23cs510@rns.com,Priya Gupta,Female,1,0.82,0.1836734694,0.2222222222,0.3983572895,0.8723404255,1,Sports,High
23CS0511,Jayant,A,23cs511@rns.com,Bhagat Raj,Female,0.3333333333,0.84,0.9591836735,0.6666666667,0.2381930185,0.829787234,0.68,Arts,High
23CS0512,Yashika,B,23cs512@rns.com,Tisca Chopra ,Male,0,0.11,0.4693877551,0.5555555556,0.2915811088,0.6595744681,0.58,Sports,Low
23CS0513,Ashok,C,23cs513@rns.com,Subramanian,Female,0.3333333333,0.64,0.6530612245,0.2222222222,0.5811088296,1,1,Sports,Medium
23CS0514,Nikhil,D,23cs514@rns.com,G.Kempegowda ,Female,0.3333333333,0.375,0.6734693878,0.4444444444,0.4907597536,0.7659574468,0.88,None,Low
23CS0515,Bharat,E,23cs515@rns.com,Vetrivel,Female,1,0.675,0.7959183673,0.2222222222,0.2422997947,0.3404255319,0.88,None,Medium
23CS0516,Pradeep,F,23cs516@rns.com,Rajesh Sharma ,Male,1,0.645,0.08163265306,0.2222222222,0.59137577,1,1,Sports,Medium
23CS0517,Elina,A,23cs517@rns.com,Anil Chaudhary,Female,1,0.995,0.5918367347,0.2222222222,0.1273100616,0.4893617021,0.74,STEM Club,High
23CS0518,Pavitra,B,23cs518@rns.com,Debolina Roy,Female,1,0.655,0.9183673469,0.2222222222,0.6386036961,1,1,Arts,Medium
23CS0519,Sharanya,C,23cs519@rns.com,Srushti Kulkarni,Male,0.6666666667,0.91,0.8571428571,0.3333333333,0.3100616016,0.6595744681,0.66,None,High
23CS0520,Hemal,D,23cs520@rns.com,Priya Gupta,Male,0,0.42,0.5714285714,0.3333333333,0.2238193018,0.7446808511,0.94,Sports,Low
23CS0521,Uday,E,23cs521@rns.com,Bhagat Raj,Male,1,0.825,0.387755102,0.1111111111,0.5071868583,0.7021276596,0.96,None,High
23CS0522,Keshav,F,23cs522@rns.com,Tisca Chopra ,Male,0.3333333333,0.435,0.9387755102,0,0.3593429158,1,1,Arts,Low
23CS0523,Kalpana,A,23cs523@rns.com,Subramanian,Male,1,0.775,0.8775510204,0.4444444444,0.4517453799,1,0.86,Sports,High
23CS0524,Pallavi,B,23cs524@rns.com,G.Kempegowda ,Male,0.3333333333,0.27,0.6734693878,0.2222222222,0.01232032854,0.6808510638,0.6,Sports,Low
23CS0525,Mohan,C,23cs525@rns.com,Vetrivel,Male,0,0.465,0.5918367347,0.1111111111,0.4188911704,1,0.78,Volunteer,Low
23CS0526,Rachna,D,23cs526@rns.com,Rajesh Sharma ,Female,0,0.99,0.3469387755,0.3333333333,0.363449692,0.5531914894,0.32,STEM Club,High
23CS0527,Ranjana,E,23cs527@rns.com,Anil Chaudhary,Female,0.3333333333,0.84,0.4897959184,0.1111111111,0.2874743326,0.9574468085,0.98,Arts,High
23CS0528,Manisha,F,23cs528@rns.com,Debolina Roy,Female,0.6666666667,0.475,0.5306122449,0.4444444444,0.2135523614,0.6382978723,1,Arts,Low
23CS0529,Padmini,A,23cs529@rns.com,Srushti Kulkarni,Female,1,0.365,0.4693877551,0,0.2607802875,1,1,Arts,Low
23CS0530,Harini,B,23cs530@rns.com,Priya Gupta,Male,1,0.94,0.387755102,0.2222222222,0.1909650924,0.7021276596,0.8,Volunteer,High
23CS0531,Ishani,C,23cs531@rns.com,Bhagat Raj,Female,0,0.915,0.693877551,0.2222222222,0.4332648871,1,1,Sports,High
23CS0532,Neelam,D,23cs532@rns.com,Tisca Chopra ,Female,1,0.32,0.9387755102,0.1111111111,0.2443531828,0.914893617,0.84,Volunteer,Low
23CS0533,Girish,E,23cs533@rns.com,Subramanian,Female,0.3333333333,0.185,0.3469387755,0.1111111111,0.1170431211,0.3829787234,0.9,Sports,Low
23CS0534,Priya,F,23cs534@rns.com,G.Kempegowda ,Male,0.6666666667,0.355,0.5306122449,0.4444444444,0.2936344969,0.5319148936,0.54,Sports,Low
23CS0535,Anjali,A,23cs535@rns.com,Vetrivel,Female,0.3333333333,0.7,0.9591836735,0.1111111111,0.05544147844,0.6382978723,0.82,Arts,Medium
23CS0536,Nikhita,B,23cs536@rns.com,Rajesh Sharma ,Female,0.3333333333,0.195,0.6326530612,0.3333333333,0.2977412731,1,0.9,None,Low
23CS0537,Vandita,C,23cs537@rns.com,Anil Chaudhary,Female,0.6666666667,0.62,0.2244897959,0.4444444444,0.4948665298,0.8936170213,0.7,Arts,Medium
23CS0538,Sakshi,D,23cs538@rns.com,Debolina Roy,Male,0.6666666667,0.35,0.8367346939,0.3333333333,0.5277207392,0.9787234043,0.68,Arts,Low
23CS0539,Zoya,E,23cs539@rns.com,Srushti Kulkarni,Male,0.6666666667,0.895,0.3469387755,0.2222222222,0.2710472279,0.829787234,0.3,Sports,High
23CS0540,Veena,F,23cs540@rns.com,Priya Gupta,Male,0.6666666667,0.09,0.6530612245,0.1111111111,0.318275154,0.8723404255,0.6,Sports,Low
23CS0541,Kumari,A,23cs541@rns.com,Bhagat Raj,Male,0.3333333333,0.495,0.6326530612,0.1111111111,0.1416837782,0.9574468085,0.62,Arts,Low
23CS0542,Ananya,B,23cs542@rns.com,Tisca Chopra ,Female,0.6666666667,0.76,0.4489795918,0.2222222222,0.6036960986,1,0.82,Arts,High
23CS0543,Darshan,C,23cs543@rns.com,Subramanian,Female,1,0.21,1,0.3333333333,0.5133470226,0.6382978723,0.72,Volunteer,Low
23CS0544,Jaya,D,23cs544@rns.com,G.Kempegowda ,Female,0.6666666667,0.365,0.9183673469,0.3333333333,0.5995893224,1,1,Sports,Low
23CS0545,Kumari,E,23cs545@rns.com,Vetrivel,Male,0,0.395,0.7346938776,0.1111111111,0.1232032854,0.829787234,0.7,None,Low
23CS0546,Ananya,F,23cs546@rns.com,Rajesh Sharma ,Female,0,0.49,0.2040816327,0.3333333333,0.4722792608,0.4893617021,0.44,None,Low
23CS0547,Kiranmayi,A,23cs547@rns.com,Anil Chaudhary,Male,0.3333333333,0.005,0.7142857143,0.2222222222,0.3593429158,1,0.9,Sports,Low
23CS0548,Jatin,B,23cs548@rns.com,Debolina Roy,Nonbinary,0.6666666667,0.23,0.7959183673,0.1111111111,0.0431211499,0.6808510638,0.58,STEM Club,Low
23CS0549,Rakesh,C,23cs549@rns.com,Srushti Kulkarni,Male,0,0.125,0.8571428571,0.3333333333,0.1334702259,1,0.82,Arts,Low
23CS0550,Elina,D,23cs550@rns.com,Priya Gupta,Male,0,0.465,0.7755102041,0.1111111111,0.4229979466,1,0.9,Volunteer,Low
23CS0551,Triveni,E,23cs551@rns.com,Bhagat Raj,Female,1,0.98,0.9591836735,0.1111111111,0.09650924025,1,0.8,Sports,High
23CS0552,Jatin,F,23cs552@rns.com,Tisca Chopra ,Male,0.3333333333,0.665,0.8163265306,0.4444444444,0.3305954825,0.4680851064,0.8,Sports,Medium
23CS0553,Rajeev,A,23cs553@rns.com,Subramanian,Male,0,0.86,0.7551020408,0.3333333333,0.318275154,0.170212766,0.72,Volunteer,High
23CS0554,Tanmay,B,23cs554@rns.com,G.Kempegowda ,Male,0,0.605,0.6326530612,0,0.3901437372,0.5106382979,0.82,Volunteer,Medium
23CS0555,Aditya,C,23cs555@rns.com,Vetrivel,Female,1,0.315,0.7959183673,0.1111111111,0.250513347,1,0.88,Arts,Low
23CS0556,Rituraj,D,23cs556@rns.com,Rajesh Sharma ,Female,1,0.405,0.8571428571,0.3333333333,0.2772073922,1,0.74,Volunteer,Low
23CS0557,Omisha,E,23cs557@rns.com,Anil Chaudhary,Female,0,0.495,0.4897959184,0.1111111111,0.1560574949,0.4893617021,0.9,Sports,Low
23CS0558,Trisha,F,23cs558@rns.com,Debolina Roy,Male,0.3333333333,0.98,0.8367346939,0.1111111111,0.5318275154,1,1,None,High
23CS0559,Nandan,A,23cs559@rns.com,Srushti Kulkarni,Male,0.3333333333,0.11,1,0,0.3696098563,1,1,Sports,Low
23CS0560,Darshan,B,23cs560@rns.com,Priya Gupta,Male,0.6666666667,0.37,0.7142857143,0.5555555556,0.3367556468,0.7872340426,0.9,None,Low
23CS0561,Ranjana,C,23cs561@rns.com,Bhagat Raj,Male,0.6666666667,0.375,0.6734693878,0,0.6427104723,1,1,Sports,Low
23CS0562,Kalpana,D,23cs562@rns.com,Tisca Chopra ,Male,0,0.86,0.9183673469,0.1111111111,0.3490759754,0.5531914894,0.94,None,High
23CS0563,Faiyaz,E,23cs563@rns.com,Subramanian,Male,0.3333333333,0.96,0.693877551,0.3333333333,0.3244353183,0.5106382979,0.68,None,High
23CS0564,Ramesh,F,23cs564@rns.com,G.Kempegowda ,Male,0.6666666667,0.905,0.8163265306,0.4444444444,0.3100616016,0.7446808511,0.66,Arts,High
23CS0565,Janardhan,A,23cs565@rns.com,Vetrivel,Male,1,0.82,0.4285714286,0.1111111111,0.1149897331,0.8085106383,0.6,None,High
23CS0566,Darshan,B,23cs566@rns.com,Rajesh Sharma ,Female,0.3333333333,0.625,0.7346938776,0.1111111111,0.4127310062,0.7659574468,1,Sports,Medium
23CS0567,Janardhan,C,23cs567@rns.com,Anil Chaudhary,Male,0.6666666667,0.6,0.8163265306,0.3333333333,0.5995893224,0.914893617,1,None,Medium
23CS0568,Reena,D,23cs568@rns.com,Debolina Roy,Female,0,0.325,0.2448979592,0.2222222222,0.2874743326,1,0.58,Volunteer,Low
23CS0569,Ravindra,E,23cs569@rns.com,Srushti Kulkarni,Female,0,0.39,0.5102040816,0.1111111111,0.2689938398,0.6808510638,0.88,None,Low
23CS0570,Ramesh,F,23cs570@rns.com,Priya Gupta,Male,0.3333333333,0.355,0.7551020408,0.1111111111,0.3429158111,1,0.6,Arts,Low
23CS0571,Asha,A,23cs571@rns.com,Bhagat Raj,Female,0.6666666667,0.36,0.387755102,0.3333333333,0.6303901437,1,0.4,Sports,Low
23CS0572,Pankaj,B,23cs572@rns.com,Tisca Chopra ,Male,0.6666666667,0.72,0.9795918367,0.3333333333,0.40862423,0.914893617,1,Sports,Medium
23CS0573,Riya,C,23cs573@rns.com,Subramanian,Male,1,0.96,0.2448979592,0.3333333333,0,0.4255319149,0.16,Volunteer,High
23CS0574,Karthik,D,23cs574@rns.com,G.Kempegowda ,Male,0,0.3,0.8367346939,0.4444444444,0.476386037,0.6595744681,1,None,Low
23CS0575,Zoya,E,23cs575@rns.com,Vetrivel,Female,0.3333333333,0.235,0.7551020408,0.1111111111,0.5297741273,1,0.8,Arts,Low
23CS0576,Gauri,F,23cs576@rns.com,Rajesh Sharma ,Male,0,0.175,0.7959183673,0.2222222222,0.4065708419,0.5957446809,0.62,None,Low
23CS0577,Tanuja,A,23cs577@rns.com,Anil Chaudhary,Male,0,0.95,0.4897959184,0.2222222222,0.2854209446,0.5957446809,0.62,Volunteer,High
23CS0578,Devika,B,23cs578@rns.com,Debolina Roy,Female,1,0.885,0.4897959184,0.3333333333,0.1416837782,0.4255319149,0.98,None,High
23CS0579,Kumud,C,23cs579@rns.com,Srushti Kulkarni,Female,0.6666666667,0.75,0.5306122449,0.1111111111,0.2217659138,1,0.68,Sports,High
23CS0580,Hemant,D,23cs580@rns.com,Priya Gupta,Male,0,0.51,0.8979591837,0.4444444444,0.386036961,1,0.6,Arts,Medium
23CS0581,Ananya,E,23cs581@rns.com,Bhagat Raj,Female,0.3333333333,0.01,0.5102040816,0.4444444444,0.3531827515,0.6382978723,0.6,Sports,Low
23CS0582,Nikhil,F,23cs582@rns.com,Tisca Chopra ,Male,0.3333333333,0.35,0.5918367347,0,0.2422997947,0.914893617,0.7,STEM Club,Low
23CS0583,Hitesh,A,23cs583@rns.com,Subramanian,Male,0.3333333333,0.9,0.7959183673,0.1111111111,0.2628336756,0.5319148936,0.66,Volunteer,High
23CS0584,Indira,B,23cs584@rns.com,G.Kempegowda ,Female,0,0.08,0.1428571429,0.3333333333,0.3305954825,1,0.88,STEM Club,Low
23CS0585,Chandni,C,23cs585@rns.com,Vetrivel,Male,1,0.53,0.612244898,0,0.3490759754,0.7659574468,1,Sports,Medium
23CS0586,Meenal,D,23cs586@rns.com,Rajesh Sharma ,Male,0,0.995,0.9795918367,0,0.568788501,0.8936170213,0.68,Sports,High
23CS0587,Dinesh,E,23cs587@rns.com,Anil Chaudhary,Female,1,0.54,0.8163265306,0.3333333333,0.4168377823,0.7659574468,0.7,Arts,Medium
23CS0588,Himanshi,F,23cs588@rns.com,Debolina Roy,Female,0.6666666667,0.415,0.0612244898,0.4444444444,0.4702258727,1,1,None,Low
23CS0589,Ishani,A,23cs589@rns.com,Srushti Kulkarni,Female,0,0.13,0.8367346939,0.2222222222,0.2833675565,0.8936170213,1,Sports,Low
23CS0590,Rituparna,B,23cs590@rns.com,Priya Gupta,Female,0.6666666667,0.755,0.6326530612,0.3333333333,0.6119096509,0.7234042553,1,Arts,High
23CS0591,Jatin,C,23cs591@rns.com,Bhagat Raj,Male,1,0.445,0.8367346939,0.1111111111,0.3264887064,1,0.84,None,Low
23CS0592,Faiyaz,D,23cs592@rns.com,Tisca Chopra ,Nonbinary,0.3333333333,0.35,0.2653061224,0.1111111111,0.5318275154,1,1,Volunteer,Low
23CS0593,Sharvani,E,23cs593@rns.com,Subramanian,Female,0.3333333333,0.205,0.5714285714,0.4444444444,0.4825462012,0.5744680851,0.54,Volunteer,Low
23CS0594,Farhan,F,23cs594@rns.com,G.Kempegowda ,Male,0.3333333333,0.065,0.7959183673,0,0.4599589322,1,0.8,Sports,Low
23CS0595,Sanjay,A,23cs595@rns.com,Vetrivel,Male,1,0.32,0.7346938776,0.5555555556,0.4620123203,1,0.64,Sports,Low
23CS0596,Kunal,B,23cs596@rns.com,Rajesh Sharma ,Male,0,0.695,0.7551020408,0.4444444444,0.3778234086,0.7234042553,1,Arts,Medium
23CS0597,Veena,C,23cs597@rns.com,Anil Chaudhary,Female,0,0.115,0.4081632653,0.3333333333,0.4496919918,0.4255319149,0.82,None,Low
23CS0598,Om,D,23cs598@rns.com,Debolina Roy,Female,0.3333333333,0.885,0.9183673469,0.4444444444,0.5400410678,0.829787234,1,Arts,High
23CS0599,Trisha,E,23cs599@rns.com,Srushti Kulkarni,Female,0.3333333333,0.57,0.6734693878,0,0.3347022587,0.8936170213,0.44,Sports,Medium
23CS0600,Wajid,F,23cs600@rns.com,Priya Gupta,Female,0.3333333333,0.725,0.693877551,0.3333333333,0.4353182752,0.8936170213,1,Arts,Medium
23CS0601,Omisha,A,23cs601@rns.com,Bhagat Raj,Male,0.3333333333,0.37,0.3673469388,0,0.3285420945,0.8936170213,0.98,None,Low
23CS0602,Ishaan,B,23cs602@rns.com,Tisca Chopra ,Male,0,0.47,0.9795918367,0.3333333333,0.1991786448,0.6808510638,0.78,Arts,Low
23CS0603,Zarina,C,23cs603@rns.com,Subramanian,Female,0.3333333333,0.555,0.9795918367,0,0.1519507187,0.5957446809,0.74,None,Medium
23CS0604,Padma,D,23cs604@rns.com,G.Kempegowda ,Female,1,0.6,0.8367346939,0.2222222222,0.6180698152,1,0.94,None,Medium
23CS0605,Amrita,E,23cs605@rns.com,Vetrivel,Female,0.6666666667,0.605,0.2040816327,0.3333333333,0.4209445585,1,1,Sports,Medium
23CS0606,Jagruti,F,23cs606@rns.com,Rajesh Sharma ,Male,1,0.61,0.3469387755,0.3333333333,0.2915811088,1,0.54,STEM Club,Medium
23CS0607,Chinmay,A,23cs607@rns.com,Anil Chaudhary,Male,0.3333333333,0.415,0.6734693878,0.2222222222,0.2135523614,0.6382978723,0.76,None,Low
23CS0608,Ananya,B,23cs608@rns.com,Debolina Roy,Male,0,0.205,0.4081632653,0.3333333333,0.340862423,0.8510638298,0.98,None,Low
23CS0609,Faiyaz,C,23cs609@rns.com,Srushti Kulkarni,Male,0,0.49,0.9795918367,0,0.5174537988,1,0.9,STEM Club,Low
23CS0610,Rakesh,D,23cs610@rns.com,Priya Gupta,Female,0.3333333333,0.09,0.9591836735,0.2222222222,0.7310061602,0.9574468085,1,Sports,Low
23CS0611,Girish,E,23cs611@rns.com,Bhagat Raj,Female,0.6666666667,0.26,0.4489795918,0.3333333333,0.3531827515,0.829787234,1,Arts,Low
23CS0612,Sharanya,F,23cs612@rns.com,Tisca Chopra ,Female,1,0.055,0.7551020408,0.1111111111,0.5256673511,0.9574468085,0.66,Volunteer,Low
23CS0613,Namratha,A,23cs613@rns.com,Subramanian,Female,1,0.12,0.7755102041,0.1111111111,0.2156057495,0.9787234043,0.86,Sports,Low
23CS0614,Irfan,B,23cs614@rns.com,G.Kempegowda ,Male,0.6666666667,0.595,0.4285714286,0.4444444444,0.3264887064,1,0.54,None,Medium
23CS0615,Fahim,C,23cs615@rns.com,Vetrivel,Female,0,0.71,0.4693877551,0,0.3326488706,0.9361702128,0.86,Sports,Medium
23CS0616,Tarak,D,23cs616@rns.com,Rajesh Sharma ,Male,0.3333333333,0.755,0.9591836735,0.4444444444,0.0205338809,0.7234042553,0.68,Sports,High
23CS0617,Ravikiran,E,23cs617@rns.com,Anil Chaudhary,Male,0.6666666667,0.675,0.8367346939,0,0.6057494867,1,0.84,Volunteer,Medium
23CS0618,Harsha,F,23cs618@rns.com,Debolina Roy,Male,1,0.65,0.7959183673,0.5555555556,0.1683778234,0.6382978723,0.5,Sports,Medium
23CS0619,Ramesh,A,23cs619@rns.com,Srushti Kulkarni,Female,0.6666666667,0.23,0.1224489796,0,0.4599589322,0.8510638298,0.96,Sports,Low
23CS0620,Jyoti,B,23cs620@rns.com,Priya Gupta,Nonbinary,0.3333333333,0.88,0.7959183673,0.1111111111,0.2895277207,0.9361702128,0.82,Arts,High
23CS0621,Nivedh,C,23cs621@rns.com,Bhagat Raj,Male,0,0.135,0.5510204082,0,0.3121149897,0.829787234,0.7,Sports,Low
23CS0622,Nisha,D,23cs622@rns.com,Tisca Chopra ,Female,0,0.9,0.8367346939,0.3333333333,0.4373716632,0.9361702128,0.82,None,High
23CS0623,Prakash,E,23cs623@rns.com,Subramanian,Female,0.3333333333,0.785,0.8367346939,0.3333333333,0.3737166324,1,0.78,Sports,High
23CS0624,Chand,F,23cs624@rns.com,G.Kempegowda ,Male,1,0.175,0.5714285714,0.3333333333,0.4332648871,0.8723404255,1,Volunteer,Low
23CS0625,Nisha,A,23cs625@rns.com,Vetrivel,Male,1,0.01,0.6734693878,0.2222222222,0.2936344969,1,0.72,None,Low
23CS0626,Kamala,B,23cs626@rns.com,Rajesh Sharma ,Nonbinary,1,0.725,0.5102040816,0.1111111111,0.2217659138,0.5531914894,0.8,Sports,Medium
23CS0627,Rekha,C,23cs627@rns.com,Anil Chaudhary,Female,0,0.615,0.4081632653,0.1111111111,0.09650924025,0.4680851064,0.58,None,Medium
23CS0628,Bhavana,D,23cs628@rns.com,Debolina Roy,Male,0.6666666667,0.83,0.8775510204,0.1111111111,0.7145790554,0.8085106383,1,Arts,High
23CS0629,Om,E,23cs629@rns.com,Srushti Kulkarni,Male,1,0.95,0.7959183673,0.1111111111,0.1396303901,0.4468085106,0.72,Arts,High
23CS0630,Hemal,F,23cs630@rns.com,Priya Gupta,Female,0,0.345,0.612244898,0,0.3696098563,0.914893617,0.9,Arts,Low
23CS0631,Tushar,A,23cs631@rns.com,Bhagat Raj,Male,0,0.715,0.1836734694,0.1111111111,0.227926078,1,1,Volunteer,Medium
23CS0632,Tanuja,B,23cs632@rns.com,Tisca Chopra ,Female,0,0.985,0.5714285714,0.2222222222,0.3696098563,0.7872340426,0.86,None,High
23CS0633,Vandana,C,23cs633@rns.com,Subramanian,Male,0,0.875,0.2653061224,0.1111111111,0.1683778234,0.8723404255,0.74,Sports,High
23CS0634,Ananya,D,23cs634@rns.com,G.Kempegowda ,Male,0,0.35,0.9387755102,0.2222222222,0.1416837782,0,0.64,Sports,Low
23CS0635,Neelam,E,23cs635@rns.com,Vetrivel,Nonbinary,0.6666666667,0.85,0.2244897959,0.5555555556,0.2936344969,0.5319148936,0.66,STEM Club,High
23CS0636,Chaitanya,F,23cs636@rns.com,Rajesh Sharma ,Female,1,0.545,0.5102040816,0.1111111111,0.2710472279,0.6595744681,0.74,None,Medium
23CS0637,Namratha,A,23cs637@rns.com,Anil Chaudhary,Female,0,0.145,0.5714285714,0,0.2772073922,0.829787234,0.8,Arts,Low
23CS0638,Vishakha,B,23cs638@rns.com,Debolina Roy,Female,1,0.235,0.7755102041,0.2222222222,0.4845995893,1,0.94,STEM Club,Low
23CS0639,Zeenat,C,23cs639@rns.com,Srushti Kulkarni,Female,0,0.385,0.4081632653,0.1111111111,0.3963039014,1,1,Sports,Low
23CS0640,Darshan,D,23cs640@rns.com,Priya Gupta,Male,0.6666666667,0.245,0.6326530612,0.3333333333,0.006160164271,0.8723404255,0.94,Volunteer,Low
23CS0641,Rahul,E,23cs641@rns.com,Bhagat Raj,Female,0,0.815,0.4081632653,0,0.4229979466,1,0.86,None,High
23CS0642,Laxman,F,23cs642@rns.com,Tisca Chopra ,Female,0.3333333333,0.575,0.6734693878,0.1111111111,0.5811088296,1,1,STEM Club,Medium
23CS0643,Dinesh,A,23cs643@rns.com,Subramanian,Male,0,0.345,0.7755102041,0.2222222222,0.4743326489,1,0.78,Volunteer,Low
23CS0644,Girish,B,23cs644@rns.com,G.Kempegowda ,Male,0.6666666667,0.235,0.8571428571,0,0.4291581109,0.7872340426,0.98,Arts,Low
23CS0645,Vishal,C,23cs645@rns.com,Vetrivel,Female,0,0.745,0.4489795918,0,0.2997946612,0.8510638298,0.86,None,Medium
23CS0646,Reena,D,23cs646@rns.com,Rajesh Sharma ,Male,0.3333333333,0.35,0.7959183673,0,0.6611909651,1,0.8,Arts,Low
23CS0647,Manav,E,23cs647@rns.com,Anil Chaudhary,Male,0.3333333333,0.395,0.4897959184,0.2222222222,0.5852156057,1,1,None,Low
23CS0648,Eklavya,F,23cs648@rns.com,Debolina Roy,Female,0.6666666667,0.435,0.7551020408,0.1111111111,0.4004106776,0.8936170213,0.92,STEM Club,Low
23CS0649,Nitin,A,23cs649@rns.com,Srushti Kulkarni,Male,1,0.61,0.8775510204,0.2222222222,0.4948665298,1,0.8,None,Medium
23CS0650,Sharvani,B,23cs650@rns.com,Priya Gupta,Male,0.6666666667,0.435,0.4081632653,0,0.5708418891,1,0.92,Sports,Low
23CS0651,Eshwar,C,23cs651@rns.com,Bhagat Raj,Female,0.6666666667,0.35,0.3673469388,0.2222222222,0.4045174538,1,0.92,STEM Club,Low
23CS0652,Rahul,D,23cs652@rns.com,Tisca Chopra ,Male,0,0.7,0.2857142857,0.2222222222,0.2012320329,1,1,Volunteer,Medium
23CS0653,Sneha,E,23cs653@rns.com,Subramanian,Female,0.6666666667,0.465,0.8775510204,0,0.3264887064,0.9361702128,0.94,Volunteer,Low
23CS0654,Yashika,F,23cs654@rns.com,G.Kempegowda ,Female,1,0.35,0.4285714286,0,0.250513347,0.7234042553,0.9,Sports,Low
23CS0655,Eklavya,A,23cs655@rns.com,Vetrivel,Male,0.6666666667,0.9,0.8571428571,0.2222222222,0.363449692,1,0.84,None,High
23CS0656,Sanjay,B,23cs656@rns.com,Rajesh Sharma ,Female,0,0.985,1,0.1111111111,0.3449691992,0.829787234,1,Volunteer,High
23CS0657,Tushar,C,23cs657@rns.com,Anil Chaudhary,Male,0.3333333333,0.58,0.8571428571,0,0.6078028747,0.8085106383,0.78,Sports,Medium
23CS0658,Neha,D,23cs658@rns.com,Debolina Roy,Male,0.3333333333,0.165,0.8367346939,0,0.3347022587,0.7234042553,1,None,Low
23CS0659,Eshan,E,23cs659@rns.com,Srushti Kulkarni,Male,0.3333333333,0.93,0.3673469388,0.1111111111,0.2792607803,0.5531914894,0.92,Volunteer,High
23CS0660,Sharanya,F,23cs660@rns.com,Priya Gupta,Female,0.6666666667,0.985,0.7551020408,0.2222222222,0.3429158111,0.829787234,0.62,Arts,High
23CS0661,Harsha,A,23cs661@rns.com,Bhagat Raj,Female,0.6666666667,0.645,0.693877551,0.3333333333,0.2217659138,0.6808510638,0.68,Sports,Medium
23CS0662,Ranjana,B,23cs662@rns.com,Tisca Chopra ,Male,0.6666666667,0.01,0.4285714286,0.3333333333,0.1190965092,0.8085106383,0.74,STEM Club,Low
23CS0663,Lata,C,23cs663@rns.com,Subramanian,Male,1,0.9,0.4285714286,0.2222222222,0.546201232,1,1,Arts,High
23CS0664,Harish,D,23cs664@rns.com,G.Kempegowda ,Female,0.6666666667,0.05,0.5510204082,0.5555555556,0.5934291581,0.5957446809,0.74,None,Low
23CS0665,Kiran,E,23cs665@rns.com,Vetrivel,Male,1,0.385,0.5510204082,0.1111111111,0.2258726899,0.8510638298,0.72,Arts,Low
23CS0666,Jaya,F,23cs666@rns.com,Rajesh Sharma ,Male,0.6666666667,0.57,0.7551020408,0.3333333333,0.2833675565,0.7446808511,0.98,None,Medium
23CS0667,Arjun,A,23cs667@rns.com,Anil Chaudhary,Female,0.3333333333,0.97,0.7346938776,0.1111111111,0.3059548255,0.7872340426,0.76,STEM Club,High
23CS0668,Sanjana,B,23cs668@rns.com,Debolina Roy,Male,0.3333333333,0.805,0.1224489796,0.2222222222,0.2689938398,0.5744680851,1,STEM Club,High
23CS0669,Pankaj,C,23cs669@rns.com,Srushti Kulkarni,Male,1,0.755,0.5510204082,0.1111111111,0.3367556468,1,0.88,Arts,High
23CS0670,Chinmay,D,23cs670@rns.com,Priya Gupta,Male,0.6666666667,0.87,0.8979591837,0.2222222222,0.4394250513,0.9787234043,1,Volunteer,High
23CS0671,Arjun,E,23cs671@rns.com,Bhagat Raj,Male,0.3333333333,0.62,0.9387755102,0.2222222222,0.6427104723,1,1,Volunteer,Medium
23CS0672,Tejas,F,23cs672@rns.com,Tisca Chopra ,Female,0.6666666667,0.56,0.5306122449,0.4444444444,0.07392197125,0.7021276596,0.78,STEM Club,Medium
23CS0673,Kiran,A,23cs673@rns.com,Subramanian,Male,1,0.73,0.4081632653,0.3333333333,0.5605749487,0.8936170213,1,Arts,Medium
23CS0674,Nagma,B,23cs674@rns.com,G.Kempegowda ,Male,1,0.96,0.387755102,0.2222222222,0.0841889117,1,0.48,Sports,High
23CS0675,Imran,C,23cs675@rns.com,Vetrivel,Male,0.6666666667,0.625,0.5714285714,0.3333333333,0.386036961,0.9574468085,0.72,None,Medium
23CS0676,Hemal,D,23cs676@rns.com,Rajesh Sharma ,Female,0.3333333333,0.5,0.4693877551,0.2222222222,0.5523613963,0.6808510638,0.82,None,Medium
23CS0677,Bharat,E,23cs677@rns.com,Anil Chaudhary,Female,0,0.52,0.8775510204,0.1111111111,0.3963039014,0.9361702128,0.88,Volunteer,Medium
23CS0678,Vandita,F,23cs678@rns.com,Debolina Roy,Female,0.3333333333,0.265,0.5306122449,0.3333333333,0.2114989733,0.3829787234,0.72,Arts,Low
23CS0679,Radhika,A,23cs679@rns.com,Srushti Kulkarni,Female,0.3333333333,0.88,0.6530612245,0.1111111111,0.4804928131,1,0.76,STEM Club,High
23CS0680,Keshav,B,23cs680@rns.com,Priya Gupta,Female,1,0.705,0.5918367347,0.2222222222,0.501026694,1,0.7,None,Medium
23CS0681,Nandini,C,23cs681@rns.com,Bhagat Raj,Male,1,0.8,0.8163265306,0.2222222222,0.3429158111,0.9787234043,1,Sports,High
23CS0682,Nihar,D,23cs682@rns.com,Tisca Chopra ,Female,0.3333333333,0.05,0.3673469388,0.2222222222,0.295687885,0.7234042553,0.76,None,Low
23CS0683,Nisha,E,23cs683@rns.com,Subramanian,Female,1,0.715,0.7959183673,0.6666666667,0.0431211499,0.8085106383,0.2,Arts,Medium
23CS0684,Tarak,F,23cs684@rns.com,G.Kempegowda ,Male,0.3333333333,0.17,0.2040816327,0.6666666667,0.2669404517,0.7659574468,0.86,Sports,Low
23CS0685,Omisha,A,23cs685@rns.com,Vetrivel,Female,0,0.14,0.8979591837,0.3333333333,0.5605749487,1,1,STEM Club,Low
23CS0686,Tanvi,B,23cs686@rns.com,Rajesh Sharma ,Male,0.6666666667,0.83,0.3265306122,0.1111111111,0.3552361396,1,0.78,Sports,High
23CS0687,Falguni,C,23cs687@rns.com,Anil Chaudhary,Female,0.3333333333,0.69,0.7551020408,0.1111111111,0.1273100616,0.4680851064,0.64,Sports,Medium
23CS0688,Tanvi,D,23cs688@rns.com,Debolina Roy,Male,0,0.345,0.3469387755,0.2222222222,0.6919917864,0.914893617,0.98,Arts,Low
23CS0689,Yashoda,E,23cs689@rns.com,Srushti Kulkarni,Male,0,0.38,0.6530612245,0.2222222222,0.1108829569,0.8936170213,0.52,Volunteer,Low
23CS0690,Bina,F,23cs690@rns.com,Priya Gupta,Male,1,0.665,0.3673469388,0.1111111111,0.2484599589,0.6382978723,0.86,Arts,Medium
23CS0691,Rakesh,A,23cs691@rns.com,Bhagat Raj,Female,1,0.83,0.6734693878,0.3333333333,0.3121149897,0.7021276596,0.74,Arts,High
23CS0692,Ragini,B,23cs692@rns.com,Tisca Chopra ,Male,0.3333333333,0.27,0.5102040816,0.1111111111,0.4024640657,1,0.48,Arts,Low
23CS0693,Rameshwar,C,23cs693@rns.com,Subramanian,Female,0,0.115,0.4693877551,0.1111111111,0.386036961,0.9787234043,0.62,None,Low
23CS0694,Rekha,D,23cs694@rns.com,G.Kempegowda ,Male,0.6666666667,0.9,0.6734693878,0.1111111111,0.2381930185,0.7446808511,0.76,Sports,High
23CS0695,Sharvani,E,23cs695@rns.com,Vetrivel,Female,0.3333333333,0.43,0.693877551,0.2222222222,0.4476386037,0.6595744681,1,Sports,Low
23CS0696,Eshwar,F,23cs696@rns.com,Rajesh Sharma ,Male,0.3333333333,0.015,0.1020408163,0.6666666667,0.6201232033,1,0.92,Sports,Low
23CS0697,Juhi,A,23cs697@rns.com,Anil Chaudhary,Female,1,0.855,0.5714285714,0.1111111111,0.158110883,0.4042553191,0.52,None,High
23CS0698,Jaya,B,23cs698@rns.com,Debolina Roy,Male,0.6666666667,0.26,0.7346938776,0.3333333333,0.2258726899,0.4893617021,0.66,STEM Club,Low
23CS0699,Kumari,C,23cs699@rns.com,Srushti Kulkarni,Female,1,0.285,0.7551020408,0.3333333333,0.5030800821,1,1,Sports,Low
23CS0700,Elina,D,23cs700@rns.com,Priya Gupta,Female,0.6666666667,0.82,0.9387755102,0.4444444444,0.4435318275,1,0.82,Volunteer,High
23CS0701,Bina,E,23cs701@rns.com,Bhagat Raj,Male,0.6666666667,0.57,0.5918367347,0.5555555556,0.3367556468,1,0.84,Arts,Medium
23CS0702,Siddharth,F,23cs702@rns.com,Tisca Chopra ,Female,1,0.425,0.1836734694,0.2222222222,0,0.2553191489,0.76,STEM Club,Low
23CS0703,Leelavati,A,23cs703@rns.com,Subramanian,Male,0,0.355,0.5918367347,0.6666666667,0.4435318275,0.7446808511,0.68,None,Low
23CS0704,Leela,B,23cs704@rns.com,G.Kempegowda ,Nonbinary,0.3333333333,0.55,0.6530612245,0.1111111111,0.386036961,0.7872340426,0.6,STEM Club,Medium
23CS0705,Tapan,C,23cs705@rns.com,Vetrivel,Male,1,0.655,0.7959183673,0.2222222222,0.3901437372,0.5531914894,0.78,STEM Club,Medium
23CS0706,Nargis,D,23cs706@rns.com,Rajesh Sharma ,Male,1,0.47,0.8571428571,0.1111111111,0.2915811088,0.4468085106,1,None,Low
23CS0707,Tapan,E,23cs707@rns.com,Anil Chaudhary,Female,1,0.14,0.8163265306,0.1111111111,0.7186858316,0.829787234,0.78,Sports,Low
23CS0708,Ragini,F,23cs708@rns.com,Debolina Roy,Male,0.3333333333,0.92,0.9387755102,0.6666666667,0.4907597536,1,0.8,None,High
23CS0709,Lata,A,23cs709@rns.com,Srushti Kulkarni,Male,0,0.23,0.4693877551,0.1111111111,0.01437371663,0.4893617021,0.8,Sports,Low
23CS0710,Rituparna,B,23cs710@rns.com,Priya Gupta,Female,0,0.355,0.9183673469,0.1111111111,0.3244353183,0.7234042553,0.56,Arts,Low
23CS0711,Elina,C,23cs711@rns.com,Bhagat Raj,Male,0.6666666667,0.295,0.3673469388,0,0.3285420945,0.7872340426,0.9,STEM Club,Low
23CS0712,Gauri,D,23cs712@rns.com,Tisca Chopra ,Male,0.6666666667,0.44,0.5102040816,0.2222222222,0.772073922,1,1,None,Low
23CS0713,Keshav,E,23cs713@rns.com,Subramanian,Female,0,0.835,0.693877551,0,0.5133470226,0.8936170213,0.84,Volunteer,High
23CS0714,Manav,F,23cs714@rns.com,G.Kempegowda ,Male,0,0.275,0.5918367347,0.3333333333,0.07802874743,0.5319148936,0.4,None,Low
23CS0715,Anirudh,A,23cs715@rns.com,Vetrivel,Female,0,0.875,0.5918367347,0.2222222222,0.02464065708,0.2765957447,0.26,Arts,High
23CS0716,Jaswant,B,23cs716@rns.com,Rajesh Sharma ,Male,0.3333333333,0.355,1,0.1111111111,0.03285420945,0.4680851064,0.66,None,Low
23CS0717,Kalyani,C,23cs717@rns.com,Anil Chaudhary,Female,1,0.355,0.6326530612,0.6666666667,0.4332648871,1,1,Arts,Low
23CS0718,Asha,D,23cs718@rns.com,Debolina Roy,Female,1,0.515,0.4081632653,0.3333333333,0.02874743326,0.7446808511,0.08,STEM Club,Medium
23CS0719,Kunal,E,23cs719@rns.com,Srushti Kulkarni,Male,0.3333333333,0.76,0.7755102041,0.2222222222,0.06570841889,1,1,Volunteer,High
23CS0720,Triveni,F,23cs720@rns.com,Priya Gupta,Female,0.6666666667,0.455,0.8367346939,0.3333333333,0.1478439425,0.5957446809,0.58,STEM Club,Low
23CS0721,Harshal,A,23cs721@rns.com,Bhagat Raj,Female,0.6666666667,0.785,0.8163265306,0.2222222222,0.1642710472,0.6808510638,0.84,None,High
23CS0722,Laxmi,B,23cs722@rns.com,Tisca Chopra ,Nonbinary,0.3333333333,0.57,0.5102040816,0.1111111111,0.3572895277,0.9787234043,0.86,Sports,Medium
23CS0723,Kavitha,C,23cs723@rns.com,Subramanian,Female,0.3333333333,0.53,0.8775510204,0.2222222222,0,0.3617021277,0.7,Sports,Medium
23CS0724,Vikram,D,23cs724@rns.com,G.Kempegowda ,Male,1,0.41,0.8163265306,0.3333333333,0.2689938398,1,0.48,Sports,Low
23CS0725,Akhil,E,23cs725@rns.com,Vetrivel,Male,0,0.28,0.7142857143,0.5555555556,0.340862423,0.7021276596,0.7,None,Low
23CS0726,Madhuri,F,23cs726@rns.com,Rajesh Sharma ,Female,1,0.535,0.387755102,0.2222222222,0.1622176591,0.9787234043,0.58,Arts,Medium
23CS0727,Manav,A,23cs727@rns.com,Anil Chaudhary,Female,0,0.87,0.4489795918,0.3333333333,0.1170431211,0.6382978723,0.62,Sports,High
23CS0728,Deepa,B,23cs728@rns.com,Debolina Roy,Male,0.3333333333,0.2,0.5306122449,0.3333333333,0.3901437372,1,0.86,STEM Club,Low
23CS0729,Devika,C,23cs729@rns.com,Srushti Kulkarni,Female,0.3333333333,0.3,0.8163265306,0.1111111111,0.4168377823,0.8723404255,1,Sports,Low
23CS0730,Fahim,D,23cs730@rns.com,Priya Gupta,Female,0,0.01,0.5918367347,0.5555555556,0.01232032854,0.6382978723,0.98,Volunteer,Low
23CS0731,Waman,E,23cs731@rns.com,Bhagat Raj,Female,0,0.34,0.9591836735,0,0.3347022587,1,0.82,None,Low
23CS0732,Kalpana,F,23cs732@rns.com,Tisca Chopra ,Female,0.6666666667,0.175,0.7551020408,0.3333333333,0,0.5957446809,0.56,STEM Club,Low
23CS0733,Jaswant,A,23cs733@rns.com,Subramanian,Female,0,0.425,0.8571428571,0.2222222222,0.3880903491,0.4255319149,0.84,Arts,Low
23CS0734,Tanu,B,23cs734@rns.com,G.Kempegowda ,Male,0.6666666667,0.33,0.8367346939,0,0.3347022587,1,0.9,Sports,Low
23CS0735,Gauri,C,23cs735@rns.com,Vetrivel,Male,0.6666666667,0.76,0.5510204082,0.2222222222,0.250513347,0.7021276596,0.56,None,High
23CS0736,Yogesh,D,23cs736@rns.com,Rajesh Sharma ,Female,1,0.61,0.4081632653,0.1111111111,0.1334702259,0.7021276596,0.68,Sports,Medium
23CS0737,Sakshi,E,23cs737@rns.com,Anil Chaudhary,Female,1,0.555,0.8571428571,0,0.498973306,0.9361702128,0.86,Sports,Medium
23CS0738,Ishaan,F,23cs738@rns.com,Debolina Roy,Nonbinary,1,0.635,0.4285714286,0.2222222222,0.3593429158,0.6595744681,0.8,Volunteer,Medium
23CS0739,Sanjay,A,23cs739@rns.com,Srushti Kulkarni,Male,0.3333333333,0.165,0.2448979592,0.2222222222,0.613963039,0.8936170213,0.66,Sports,Low
23CS0740,Lokesh,B,23cs740@rns.com,Priya Gupta,Male,0.3333333333,0.96,0.5510204082,0.3333333333,0.3326488706,0.8936170213,0.84,STEM Club,High
23CS0741,Ranjani,C,23cs741@rns.com,Bhagat Raj,Female,0.3333333333,0.855,0.9795918367,0.3333333333,0.40862423,0.829787234,1,Sports,High
23CS0742,Kalpana,D,23cs742@rns.com,Tisca Chopra ,Male,0.3333333333,0.095,0.5714285714,0.1111111111,0.8767967146,0.5744680851,0.9,None,Low
23CS0743,Amar,E,23cs743@rns.com,Subramanian,Nonbinary,0.6666666667,0.44,0.9591836735,0.4444444444,0.04517453799,0.7021276596,0.64,Sports,Low
23CS0744,Rameshwar,F,23cs744@rns.com,G.Kempegowda ,Female,1,0.49,0.8775510204,0,0.4579055441,1,0.96,None,Low
23CS0745,Yamini,A,23cs745@rns.com,Vetrivel,Female,0.6666666667,0.625,0.7959183673,0.3333333333,0.2422997947,0.6808510638,0.96,STEM Club,Medium
23CS0746,Manorama,B,23cs746@rns.com,Rajesh Sharma ,Female,0.3333333333,0.545,0.7142857143,0.1111111111,0.227926078,1,0.66,STEM Club,Medium
23CS0747,Nivedh,C,23cs747@rns.com,Anil Chaudhary,Nonbinary,0.6666666667,0.3,0.7142857143,0.1111111111,0.2669404517,0.8085106383,0.4,Arts,Low
23CS0748,Akhila,D,23cs748@rns.com,Debolina Roy,Female,0,0.67,0.9591836735,0.3333333333,0.3880903491,0.6808510638,0.92,Arts,Medium
23CS0749,Zubin,E,23cs749@rns.com,Srushti Kulkarni,Male,0.3333333333,0.81,0.6326530612,0.1111111111,0.01642710472,1,0.64,Arts,High
23CS0750,Vikram,F,23cs750@rns.com,Priya Gupta,Male,0.6666666667,0.965,0.7959183673,0.6666666667,0.2197125257,0.5957446809,0.76,STEM Club,High
23CS0751,Siddharth,A,23cs751@rns.com,Bhagat Raj,Female,0.6666666667,0.23,0.8775510204,0.1111111111,0.2525667351,1,0.78,Arts,Low
23CS0752,Indira,B,23cs752@rns.com,Tisca Chopra ,Female,1,0.68,0.08163265306,0.4444444444,0.03696098563,0.4042553191,1,None,Medium
23CS0753,Gitanjali,C,23cs753@rns.com,Subramanian,Male,0,0.615,0.1020408163,0.2222222222,0.4045174538,0.7659574468,0.92,None,Medium
23CS0754,Sundar,D,23cs754@rns.com,G.Kempegowda ,Female,0.6666666667,0.59,0.8367346939,0,0.4620123203,0.9787234043,0.9,Sports,Medium
23CS0755,Indira,E,23cs755@rns.com,Vetrivel,Female,0.6666666667,0.39,0.9795918367,0.1111111111,0.4147843943,1,1,Volunteer,Low
23CS0756,Saira,F,23cs756@rns.com,Rajesh Sharma ,Nonbinary,0,0.13,0.6326530612,0.1111111111,0.1991786448,0.8510638298,1,STEM Club,Low
23CS0757,Ravindra,A,23cs757@rns.com,Anil Chaudhary,Male,1,0.74,0.1632653061,0,0.5482546201,1,1,STEM Club,Medium
23CS0758,Zeba,B,23cs758@rns.com,Debolina Roy,Male,1,0.705,1,0.3333333333,0.4332648871,1,0.66,STEM Club,Medium
23CS0759,Ajeet,C,23cs759@rns.com,Srushti Kulkarni,Female,0,0.21,0.8163265306,0.1111111111,0.7515400411,1,0.98,None,Low
23CS0760,Anjali,D,23cs760@rns.com,Priya Gupta,Female,0.6666666667,0.48,0.7142857143,0.1111111111,0.5092402464,1,1,Volunteer,Low
23CS0761,Laxmi,E,23cs761@rns.com,Bhagat Raj,Male,0.3333333333,0.63,0.8571428571,0.3333333333,0.59137577,0.7872340426,0.92,Volunteer,Medium
23CS0762,Tanveer,F,23cs762@rns.com,Tisca Chopra ,Female,0,0.015,0.1428571429,0.2222222222,0.4661190965,0.829787234,0.84,None,Low
23CS0763,Elina,A,23cs763@rns.com,Subramanian,Nonbinary,0,0.615,0.9795918367,0.3333333333,0,0.7446808511,0.76,Volunteer,Medium
23CS0764,Waliullah,B,23cs764@rns.com,G.Kempegowda ,Female,0.3333333333,0.825,0.8979591837,0.2222222222,0.1334702259,0.829787234,0.64,Arts,High
23CS0765,Yash,C,23cs765@rns.com,Vetrivel,Female,0.3333333333,0.805,0.8367346939,0.5555555556,0.3757700205,0.9787234043,0.9,Sports,High
23CS0766,Meera,D,23cs766@rns.com,Rajesh Sharma ,Female,1,0.075,0.9591836735,0,0.3921971253,1,0.98,None,Low
23CS0767,Gulshan,E,23cs767@rns.com,Anil Chaudhary,Female,0,0.41,1,0.3333333333,0.205338809,1,0.8,Arts,Low
23CS0768,Chandresh,F,23cs768@rns.com,Debolina Roy,Female,0.6666666667,0.27,0.9387755102,0.1111111111,0.2525667351,0.6595744681,0.6,Volunteer,Low
23CS0769,Hemal,A,23cs769@rns.com,Srushti Kulkarni,Female,0,0.055,0.6326530612,0.3333333333,0.1683778234,0.7446808511,0.58,None,Low
23CS0770,Uday,B,23cs770@rns.com,Priya Gupta,Male,0.3333333333,0.27,0.9591836735,0.1111111111,0.3572895277,1,1,Volunteer,Low
23CS0771,Eshan,C,23cs771@rns.com,Bhagat Raj,Female,0.6666666667,0.32,0.693877551,0.1111111111,0.5400410678,0.7446808511,1,None,Low
23CS0772,Gauri,D,23cs772@rns.com,Tisca Chopra ,Female,1,0.54,1,0,0.3162217659,0.5319148936,0.5,Volunteer,Medium
23CS0773,Bhavesh,E,23cs773@rns.com,Subramanian,Female,0.3333333333,0.86,0.3265306122,0.1111111111,0.5728952772,0.914893617,0.96,None,High
23CS0774,Yash,F,23cs774@rns.com,G.Kempegowda ,Female,0.3333333333,0.815,0.7755102041,0.2222222222,0.205338809,0.4893617021,0.66,STEM Club,High
23CS0775,Ranjani,A,23cs775@rns.com,Vetrivel,Male,0.3333333333,0.575,0.6530612245,0.8888888889,0.07802874743,0.7872340426,0.96,STEM Club,Medium
23CS0776,Urmila,B,23cs776@rns.com,Rajesh Sharma ,Female,0.6666666667,0.63,0.9387755102,0.2222222222,0.4414784394,1,0.84,Arts,Medium
23CS0777,Anup,C,23cs777@rns.com,Anil Chaudhary,Male,0,0.835,0.5918367347,0.1111111111,0.7679671458,1,1,Arts,High
23CS0778,Bharti,D,23cs778@rns.com,Debolina Roy,Female,0.6666666667,0.66,0.2040816327,0.3333333333,0.6406570842,0.9787234043,0.84,None,Medium
23CS0779,Hitesh,E,23cs779@rns.com,Srushti Kulkarni,Male,1,0.75,0.5918367347,0.2222222222,0.3388090349,0.9787234043,0.8,Arts,High
23CS0780,Damini,F,23cs780@rns.com,Priya Gupta,Female,0.3333333333,0.74,0.4693877551,0.2222222222,0.00205338809,1,0.62,Sports,Medium
23CS0781,Zoya,A,23cs781@rns.com,Bhagat Raj,Male,1,0.35,0.2244897959,0.2222222222,0.04928131417,0.9361702128,0.78,Arts,Low
23CS0782,Vasundhara,B,23cs782@rns.com,Tisca Chopra ,Female,0.3333333333,0.315,0.7551020408,0.1111111111,0.295687885,1,0.76,STEM Club,Low
23CS0783,Bindu,C,23cs783@rns.com,Subramanian,Female,0,0.775,0.9183673469,0.3333333333,0.5770020534,1,1,Arts,High
23CS0784,Trilok,D,23cs784@rns.com,G.Kempegowda ,Male,1,0.315,0.8571428571,0.2222222222,0.7248459959,1,0.68,STEM Club,Low
23CS0785,Gulab,E,23cs785@rns.com,Vetrivel,Female,0.3333333333,0.885,0.5918367347,0.4444444444,0.0841889117,0.7234042553,0.44,Volunteer,High
23CS0786,Manav,F,23cs786@rns.com,Rajesh Sharma ,Male,0,0.43,0.8367346939,0,0.5133470226,1,1,None,Low
23CS0787,Zarina,A,23cs787@rns.com,Anil Chaudhary,Nonbinary,1,0.615,0.9387755102,0.4444444444,0.3388090349,1,0.96,Sports,Medium
23CS0788,Priya,B,23cs788@rns.com,Debolina Roy,Male,1,0.84,0.9795918367,0.1111111111,0.3285420945,1,0.86,Sports,High
23CS0789,Fazal,C,23cs789@rns.com,Srushti Kulkarni,Male,0.6666666667,0.71,0.612244898,0.2222222222,0.1991786448,1,0.66,STEM Club,Medium
23CS0790,Kalpana,D,23cs790@rns.com,Priya Gupta,Male,1,0.425,0.6326530612,0,0.5749486653,1,1,Sports,Low
23CS0791,Sneha,E,23cs791@rns.com,Bhagat Raj,Female,0,0.21,0.8163265306,0,0.5503080082,0.4680851064,0.98,None,Low
23CS0792,Zeba,F,23cs792@rns.com,Tisca Chopra ,Male,0.3333333333,0.825,0.6326530612,0.2222222222,0.008213552361,0.5106382979,0.62,Volunteer,High
23CS0793,Waris,A,23cs793@rns.com,Subramanian,Female,0,0.71,0.1836734694,0.3333333333,0.2566735113,0.5744680851,1,Volunteer,Medium
23CS0794,Brijesh,B,23cs794@rns.com,G.Kempegowda ,Male,0,0.45,0.6734693878,0.1111111111,0.3757700205,0.6170212766,0.74,STEM Club,Low
23CS0795,Waman,C,23cs795@rns.com,Vetrivel,Female,1,0.565,0.8367346939,0.1111111111,0.6632443532,1,1,Sports,Medium
23CS0796,Eshita,D,23cs796@rns.com,Rajesh Sharma ,Male,0.6666666667,0.59,0.2040816327,0.4444444444,0.4045174538,0.8085106383,0.54,Sports,Medium
23CS0797,Keshav,E,23cs797@rns.com,Anil Chaudhary,Male,0.3333333333,0.115,0.9183673469,0.2222222222,0.3367556468,0.6808510638,0.48,Arts,Low
23CS0798,Nirmala,F,23cs798@rns.com,Debolina Roy,Male,1,0.03,0.8163265306,0.2222222222,0.1088295688,0.9361702128,0.76,Arts,Low
23CS0799,Oorja,A,23cs799@rns.com,Srushti Kulkarni,Female,0,0.925,1,0,0.2874743326,0.7659574468,0.74,Volunteer,High
23CS0800,Vasundhara,B,23cs800@rns.com,Priya Gupta,Male,0.3333333333,0.565,0.5102040816,0.1111111111,0.1108829569,0.6595744681,1,Arts,Medium
23CS0801,Vikram,C,23cs801@rns.com,Bhagat Raj,Female,0.6666666667,0.81,0.8775510204,0.2222222222,0,0.9574468085,0.52,Volunteer,High
23CS0802,Tanveer,D,23cs802@rns.com,Tisca Chopra ,Male,1,0.655,0.9795918367,0.3333333333,0.2751540041,0.7872340426,0.66,Sports,Medium
23CS0803,Ojas,E,23cs803@rns.com,Subramanian,Female,0,0.89,0.9183673469,0.2222222222,0.3921971253,0.5531914894,0.64,Volunteer,High
23CS0804,Prakash,F,23cs804@rns.com,G.Kempegowda ,Female,0,0.285,0.8367346939,0.4444444444,0.2648870637,1,0.98,Volunteer,Low
23CS0805,Saanvi,A,23cs805@rns.com,Vetrivel,Female,1,0.735,0.6326530612,0.1111111111,0.2689938398,0.6808510638,1,STEM Club,Medium
23CS0806,Jaya,B,23cs806@rns.com,Rajesh Sharma ,Male,0.3333333333,0.29,0.2857142857,0.1111111111,0.2648870637,0.8510638298,0.9,Sports,Low
23CS0807,Dinesh,C,23cs807@rns.com,Anil Chaudhary,Female,0,0.37,0.7755102041,0.2222222222,0.4435318275,0.7021276596,0.8,None,Low
23CS0808,Jatin,D,23cs808@rns.com,Debolina Roy,Male,1,0.75,0.6530612245,0.1111111111,0.2135523614,0.914893617,1,STEM Club,High
23CS0809,Waman,E,23cs809@rns.com,Srushti Kulkarni,Male,0.6666666667,0.605,0.7551020408,0,0.2628336756,0.5319148936,0.6,STEM Club,Medium
23CS0810,Namita,F,23cs810@rns.com,Priya Gupta,Female,0.6666666667,0.85,0.5714285714,0.2222222222,0.6221765914,1,0.82,Arts,High
23CS0811,Hema,A,23cs811@rns.com,Bhagat Raj,Male,0.6666666667,0.955,0.9387755102,0.6666666667,0.4147843943,0.6382978723,0.84,Arts,High
23CS0812,Zainab,B,23cs812@rns.com,Tisca Chopra ,Male,1,0.5,0.2857142857,0.3333333333,0.1047227926,0.829787234,0.48,Arts,Medium
23CS0813,Ravindra,C,23cs813@rns.com,Subramanian,Female,0,0.8,0.3673469388,0.4444444444,0.3921971253,0.7021276596,0.92,None,High
23CS0814,Zarina,D,23cs814@rns.com,G.Kempegowda ,Female,0.3333333333,0.675,0.693877551,0,0.4106776181,1,0.56,None,Medium
23CS0815,Tushar,E,23cs815@rns.com,Vetrivel,Female,0.6666666667,0.96,0.8367346939,0.2222222222,0.3613963039,0.7872340426,0.6,None,High
23CS0816,Asha,F,23cs816@rns.com,Rajesh Sharma ,Male,0.3333333333,0.555,0.1224489796,0.2222222222,0.2484599589,0.7446808511,0.96,None,Medium
23CS0817,Anjali,A,23cs817@rns.com,Anil Chaudhary,Male,0.6666666667,0.83,0.2653061224,0,0.2833675565,0.9361702128,0.74,Volunteer,High
23CS0818,Sneha,B,23cs818@rns.com,Debolina Roy,Male,1,0.585,1,0.3333333333,0.1765913758,0.5744680851,0.32,Sports,Medium
23CS0819,Jayant,C,23cs819@rns.com,Srushti Kulkarni,Male,0.3333333333,0.235,0.8367346939,0.2222222222,0.2689938398,0.8723404255,0.96,Volunteer,Low
23CS0820,Nikhita,D,23cs820@rns.com,Priya Gupta,Male,0,0.535,0.612244898,0.2222222222,0.1848049281,0.8510638298,0.94,None,Medium
23CS0821,Tanu,E,23cs821@rns.com,Bhagat Raj,Female,0.3333333333,0.16,0.7142857143,0.3333333333,0.1416837782,0.3829787234,0.88,Arts,Low
23CS0822,Eklavya,F,23cs822@rns.com,Tisca Chopra ,Male,0.6666666667,0.19,0.2040816327,0.4444444444,0.5318275154,1,1,Sports,Low
23CS0823,Madhuri,A,23cs823@rns.com,Subramanian,Male,0.6666666667,0.025,0.5102040816,0,0.2710472279,1,1,Sports,Low
23CS0824,Zubeda,B,23cs824@rns.com,G.Kempegowda ,Female,0,0.145,0.9387755102,0.2222222222,0.5728952772,0.6595744681,1,STEM Club,Low
23CS0825,Jyoti,C,23cs825@rns.com,Vetrivel,Female,0,0.685,0.8571428571,0.1111111111,0.3901437372,0.9361702128,0.96,None,Medium
23CS0826,Komal,D,23cs826@rns.com,Rajesh Sharma ,Female,0.6666666667,0.16,0.5714285714,0.2222222222,0,0.7446808511,0.48,None,Low
23CS0827,Saraswati,E,23cs827@rns.com,Anil Chaudhary,Female,0.6666666667,0.915,0.612244898,0.4444444444,0.4969199179,1,1,None,High
23CS0828,Prakash,F,23cs828@rns.com,Debolina Roy,Male,0.6666666667,0.85,0.4693877551,0.2222222222,0.7412731006,1,1,Sports,High
23CS0829,Triveni,A,23cs829@rns.com,Srushti Kulkarni,Female,0.6666666667,0.135,0.7959183673,0.1111111111,0.3121149897,1,0.5,Volunteer,Low
23CS0830,Gulzar,B,23cs830@rns.com,Priya Gupta,Male,1,0.475,0.7755102041,0.2222222222,0.5379876797,1,0.82,Arts,Low
23CS0831,Omisha,C,23cs831@rns.com,Bhagat Raj,Male,0,0.935,0.4693877551,0.3333333333,0.227926078,0.7234042553,0.82,Arts,High
23CS0832,Eesha,D,23cs832@rns.com,Tisca Chopra ,Male,1,0.675,0.6530612245,0.6666666667,0.1786447639,0.6170212766,0.46,Arts,Medium
23CS0833,Suresh,E,23cs833@rns.com,Subramanian,Male,0.6666666667,0.185,0.2653061224,0.3333333333,0.6878850103,1,0.96,Sports,Low
23CS0834,Chandni,F,23cs834@rns.com,G.Kempegowda ,Male,0,0.02,0.8367346939,0.2222222222,0.2094455852,0.5744680851,0.26,None,Low
23CS0835,Keshav,A,23cs835@rns.com,Vetrivel,Female,1,0.44,0.8367346939,0,0.3305954825,0.6808510638,0.8,Volunteer,Low
23CS0836,Zarina,B,23cs836@rns.com,Rajesh Sharma ,Female,0.6666666667,0.09,0.5102040816,0.2222222222,0.501026694,1,1,Arts,Low
23CS0837,Saira,C,23cs837@rns.com,Anil Chaudhary,Female,0,0.795,0.9387755102,0.2222222222,0.6776180698,1,0.92,Arts,High
23CS0838,Indu,D,23cs838@rns.com,Debolina Roy,Male,0,0.61,0.8571428571,0.1111111111,0.2340862423,1,1,STEM Club,Medium
23CS0839,Suhas,E,23cs839@rns.com,Srushti Kulkarni,Female,0,0.195,0.9387755102,0.3333333333,0.7474332649,1,0.96,Volunteer,Low
23CS0840,Ritu,F,23cs840@rns.com,Priya Gupta,Female,1,0.295,0.8775510204,0.1111111111,0.4661190965,1,0.66,Sports,Low
23CS0841,Padmini,A,23cs841@rns.com,Bhagat Raj,Male,0,0.49,0.2244897959,0.3333333333,0.726899384,1,1,Arts,Low
23CS0842,Eesha,B,23cs842@rns.com,Tisca Chopra ,Male,0,0.025,0.1836734694,0.2222222222,0.5503080082,1,1,STEM Club,Low
23CS0843,Bhanu,C,23cs843@rns.com,Subramanian,Female,0,0.5,0.8979591837,0.2222222222,0.4681724846,1,1,Volunteer,Medium
23CS0844,Urmil,D,23cs844@rns.com,G.Kempegowda ,Male,0,0.52,0.8775510204,0.3333333333,0.5975359343,1,1,STEM Club,Medium
23CS0845,Neelam,E,23cs845@rns.com,Vetrivel,Female,0.6666666667,0.08,0.3673469388,0.1111111111,0.3531827515,0.9787234043,0.78,None,Low
23CS0846,Zoya,F,23cs846@rns.com,Rajesh Sharma ,Female,1,0.82,0.9795918367,0,0.09445585216,0.7021276596,0.36,Arts,High
23CS0847,Sneha,A,23cs847@rns.com,Anil Chaudhary,Female,0.3333333333,0.78,0.387755102,0,0.04517453799,0.7234042553,0.98,None,High
23CS0848,Vandana,B,23cs848@rns.com,Debolina Roy,Female,0.6666666667,0.775,0.8571428571,0.5555555556,0.295687885,0.5957446809,0.38,Sports,High
23CS0849,Upasana,C,23cs849@rns.com,Srushti Kulkarni,Male,0,0.145,0.612244898,0.2222222222,0.1991786448,0.7659574468,0.5,Sports,Low
23CS0850,Keshav,D,23cs850@rns.com,Priya Gupta,Male,0,0.425,0.4897959184,0,0.5626283368,1,0.9,Sports,Low
23CS0851,Esha,E,23cs851@rns.com,Bhagat Raj,Male,1,0.305,0.9591836735,0.2222222222,0.158110883,0.7659574468,0.7,Sports,Low
23CS0852,Ravikiran,F,23cs852@rns.com,Tisca Chopra ,Male,0.6666666667,0.955,0.9591836735,0.1111111111,0.1026694045,0.6170212766,0.9,STEM Club,High
23CS0853,Nargis,A,23cs853@rns.com,Subramanian,Female,0,0.265,0.4897959184,0.2222222222,0.2772073922,0.7021276596,0.98,Volunteer,Low
23CS0854,Urmila,B,23cs854@rns.com,G.Kempegowda ,Female,0.6666666667,0.465,0.5102040816,0.2222222222,0.4620123203,0.6808510638,0.52,Sports,Low
23CS0855,Diya,C,23cs855@rns.com,Vetrivel,Female,0,0.1,0.8775510204,0.2222222222,0.2792607803,0.4893617021,0.86,STEM Club,Low
23CS0856,Sakshi,D,23cs856@rns.com,Rajesh Sharma ,Female,1,0.355,0.5510204082,0.1111111111,0.0841889117,0.2340425532,0.34,STEM Club,Low
23CS0857,Ojaswini,E,23cs857@rns.com,Anil Chaudhary,Female,1,0.565,0.4693877551,0.2222222222,0.1786447639,0.5744680851,0.98,Arts,Medium
23CS0858,Yashika,F,23cs858@rns.com,Debolina Roy,Female,0.3333333333,0.505,0.1020408163,0,0.431211499,1,0.8,Arts,Medium
23CS0859,Lata,A,23cs859@rns.com,Srushti Kulkarni,Male,0.3333333333,0.155,0.9387755102,0.1111111111,0.2915811088,0.6382978723,0.88,Sports,Low
23CS0860,Vandana,B,23cs860@rns.com,Priya Gupta,Female,0.6666666667,0.535,0.9387755102,0.2222222222,0.4291581109,1,1,Volunteer,Medium
23CS0861,Mohan,C,23cs861@rns.com,Bhagat Raj,Male,0.6666666667,0.755,0.6530612245,0.2222222222,0.568788501,0.9787234043,1,None,High
23CS0862,Fazal,D,23cs862@rns.com,Tisca Chopra ,Female,1,0.915,0.8775510204,0.3333333333,0.318275154,0.7021276596,0.84,Volunteer,High
23CS0863,Anupama,E,23cs863@rns.com,Subramanian,Male,1,0.26,0.5714285714,0,0.4681724846,0.914893617,1,None,Low
23CS0864,Brijesh,F,23cs864@rns.com,G.Kempegowda ,Female,0.6666666667,0.81,0.7346938776,0,0.6242299795,0.9361702128,1,None,High
23CS0865,Jagruti,A,23cs865@rns.com,Vetrivel,Female,1,0.11,0.6734693878,0.1111111111,0.2854209446,0.9361702128,0.46,STEM Club,Low
23CS0866,Keshav,B,23cs866@rns.com,Rajesh Sharma ,Male,0.3333333333,0.23,0.7755102041,0.1111111111,0.2710472279,0.4468085106,1,Arts,Low
23CS0867,Taraksh,C,23cs867@rns.com,Anil Chaudhary,Male,0,0.635,0.5102040816,0,0.6180698152,1,1,Arts,Medium
23CS0868,Ujjwal,D,23cs868@rns.com,Debolina Roy,Female,0,0.905,0.6326530612,0.1111111111,0.501026694,1,1,Arts,High
23CS0869,Chinmay,E,23cs869@rns.com,Srushti Kulkarni,Male,0,0.23,0.5102040816,0,0.09034907598,0.3829787234,0.4,Volunteer,Low
23CS0870,Sakshi,F,23cs870@rns.com,Priya Gupta,Male,1,0.29,0.5306122449,0.1111111111,0.4106776181,1,1,Volunteer,Low
23CS0871,Chitra,A,23cs871@rns.com,Bhagat Raj,Male,0,0.575,0.9795918367,0.2222222222,0.4702258727,0.914893617,0.94,None,Medium
23CS0872,Abhay,B,23cs872@rns.com,Tisca Chopra ,Male,1,0.96,0.6326530612,0,0.2114989733,0.9361702128,0.64,Sports,High
23CS0873,Hema,C,23cs873@rns.com,Subramanian,Female,0.6666666667,0.66,0.7755102041,0.2222222222,0.1765913758,0.829787234,1,Volunteer,Medium
23CS0874,Padma,D,23cs874@rns.com,G.Kempegowda ,Male,0.6666666667,0.3,0.8979591837,0.1111111111,0.4229979466,1,0.84,Volunteer,Low
23CS0875,Saraswati,E,23cs875@rns.com,Vetrivel,Male,0,0.98,0.2244897959,0.1111111111,0.6796714579,1,0.66,Sports,High
23CS0876,Gitanjali,F,23cs876@rns.com,Rajesh Sharma ,Female,1,0.64,0.6530612245,0.1111111111,0.4414784394,0.8085106383,0.78,Arts,Medium
23CS0877,Zoya,A,23cs877@rns.com,Anil Chaudhary,Male,1,0.55,0.8571428571,0.2222222222,0.2813141684,0.8936170213,0.82,Arts,Medium
23CS0878,Nikhil,B,23cs878@rns.com,Debolina Roy,Female,1,0.13,0.9387755102,0.4444444444,0.1848049281,0.4680851064,0.82,Arts,Low
23CS0879,Vandana,C,23cs879@rns.com,Srushti Kulkarni,Male,1,0.475,0.8979591837,0.1111111111,0.4394250513,0.8510638298,0.96,Volunteer,Low
23CS0880,Reena,D,23cs880@rns.com,Priya Gupta,Female,1,0.045,0.5510204082,0.2222222222,0.3511293634,1,0.82,STEM Club,Low
23CS0881,Veena,E,23cs881@rns.com,Bhagat Raj,Female,0,0.53,0.1836734694,0.3333333333,0.2628336756,1,0.88,None,Medium
23CS0882,Nivedh,F,23cs882@rns.com,Tisca Chopra ,Male,0.6666666667,0.55,0.5306122449,0.4444444444,0.1396303901,0.4680851064,0.86,None,Medium
23CS0883,Nargis,A,23cs883@rns.com,Subramanian,Male,0.3333333333,0.375,0.4489795918,0.1111111111,0.3490759754,0.6808510638,0.8,Volunteer,Low
23CS0884,Aarti,B,23cs884@rns.com,G.Kempegowda ,Male,0.3333333333,0.005,0.5714285714,0.3333333333,0.18275154,0.6595744681,0.8,Sports,Low
23CS0885,Pranav,C,23cs885@rns.com,Vetrivel,Male,0.3333333333,0.04,0.9795918367,0.4444444444,0.2361396304,0.7021276596,0.7,None,Low
23CS0886,Mohan,D,23cs886@rns.com,Rajesh Sharma ,Female,0,0.42,0.2857142857,0.5555555556,0.2915811088,1,0.66,STEM Club,Low
23CS0887,Kumari,E,23cs887@rns.com,Anil Chaudhary,Female,1,0.255,1,0.3333333333,0.3572895277,0.7659574468,0.82,STEM Club,Low
23CS0888,Rahul,F,23cs888@rns.com,Debolina Roy,Male,1,0.665,0.9591836735,0,0.3080082136,0.7234042553,1,Sports,Medium
23CS0889,Manoj,A,23cs889@rns.com,Srushti Kulkarni,Male,1,0.045,0.387755102,0.2222222222,0.4106776181,0.7872340426,0.92,Arts,Low
23CS0890,Umesh,B,23cs890@rns.com,Priya Gupta,Female,0,0.545,0.9183673469,0.3333333333,0.3018480493,0.4680851064,0.66,Sports,Medium
23CS0891,Maitreyi,C,23cs891@rns.com,Bhagat Raj,Female,0,0.34,0.9387755102,0,0.5523613963,1,1,STEM Club,Low
23CS0892,Amrita,D,23cs892@rns.com,Tisca Chopra ,Female,0.6666666667,0.34,0.7551020408,0.1111111111,0.250513347,0.4468085106,0.9,Arts,Low
23CS0893,Nutan,E,23cs893@rns.com,Subramanian,Male,0,0.965,0.6734693878,0.3333333333,0.4414784394,0.914893617,0.92,Arts,High
23CS0894,Deepa,F,23cs894@rns.com,G.Kempegowda ,Male,0,0.635,0.5102040816,0.2222222222,0.3388090349,0.4680851064,0.58,Sports,Medium
23CS0895,Omkari,A,23cs895@rns.com,Vetrivel,Female,0.3333333333,0.335,0.4693877551,0.1111111111,0.4435318275,1,0.48,Arts,Low
23CS0896,Gauri,B,23cs896@rns.com,Rajesh Sharma ,Female,1,0.32,0.6326530612,0.4444444444,0.3018480493,0.2978723404,0.9,None,Low
23CS0897,Kumud,C,23cs897@rns.com,Anil Chaudhary,Female,0.6666666667,0.22,0.6530612245,0.1111111111,0.3921971253,0.9361702128,0.9,Sports,Low
23CS0898,Eshwar,D,23cs898@rns.com,Debolina Roy,Female,1,0.75,0.5306122449,0.3333333333,0.2977412731,0.7659574468,0.68,Volunteer,High
23CS0899,Eshita,E,23cs899@rns.com,Srushti Kulkarni,Female,0,0.355,0.7755102041,0,0.2792607803,0.5744680851,0.66,STEM Club,Low
23CS0900,Dinesh,F,23cs900@rns.com,Priya Gupta,Male,0.3333333333,0.745,0.9387755102,0.1111111111,0.2012320329,0.9361702128,0.82,STEM Club,Medium
23CS0901,Bhavesh,A,23cs901@rns.com,Bhagat Raj,Female,0.6666666667,0.375,0.4489795918,0.4444444444,0,0.2553191489,0.46,Volunteer,Low
23CS0902,Kumud,B,23cs902@rns.com,Tisca Chopra ,Female,0.6666666667,0.655,0.9183673469,0.4444444444,0.3080082136,0.9361702128,0.88,Sports,Medium
23CS0903,Anirudh,C,23cs903@rns.com,Subramanian,Male,0.3333333333,0.985,0.7755102041,0.3333333333,0.205338809,0.7872340426,0.82,Sports,High
23CS0904,Nihar,D,23cs904@rns.com,G.Kempegowda ,Female,1,0.635,0.4285714286,0.1111111111,0.3285420945,1,0.98,None,Medium
23CS0905,Anupama,E,23cs905@rns.com,Vetrivel,Male,1,0.36,0.8367346939,0.1111111111,0.4065708419,0.829787234,0.26,None,Low
23CS0906,Wajid,F,23cs906@rns.com,Rajesh Sharma ,Female,1,0.765,0.306122449,0,0.5154004107,1,1,Sports,High
23CS0907,Padmini,A,23cs907@rns.com,Anil Chaudhary,Male,0,0.415,0.1020408163,0.1111111111,0.1375770021,0.9361702128,0.68,STEM Club,Low
23CS0908,Nisha,B,23cs908@rns.com,Debolina Roy,Male,0.3333333333,0.795,0.3265306122,0.4444444444,0.6016427105,1,1,Sports,High
23CS0909,Suhas,C,23cs909@rns.com,Srushti Kulkarni,Female,0,0.635,0.7346938776,0.2222222222,0.4784394251,0.829787234,0.96,Sports,Medium
23CS0910,Siddharth,D,23cs910@rns.com,Priya Gupta,Female,0.6666666667,0.74,0.7959183673,0.3333333333,0.6694045175,0.9361702128,0.6,Sports,Medium
23CS0911,Trisha,E,23cs911@rns.com,Bhagat Raj,Female,0,0.6,0.5306122449,0.1111111111,0.4250513347,0.8510638298,0.64,Sports,Medium
23CS0912,Ravikiran,F,23cs912@rns.com,Tisca Chopra ,Female,0.3333333333,0.85,0.6530612245,0.1111111111,0.1416837782,0.6382978723,1,Sports,High
23CS0913,Gauri,A,23cs913@rns.com,Subramanian,Male,0,0.425,0.3673469388,0.2222222222,0.3223819302,1,0.94,None,Low
23CS0914,Ravindra,B,23cs914@rns.com,G.Kempegowda ,Male,0,0.36,0.9591836735,0.2222222222,0.8049281314,1,1,STEM Club,Low
23CS0915,Pavitra,C,23cs915@rns.com,Vetrivel,Female,0.3333333333,0.22,0.3673469388,0.1111111111,0,0.7659574468,1,Arts,Low
23CS0916,Yogesh,D,23cs916@rns.com,Rajesh Sharma ,Male,0,0.4,0.8571428571,0,0.3963039014,0.7659574468,0.88,Arts,Low
23CS0917,Tejas,E,23cs917@rns.com,Anil Chaudhary,Female,1,0.29,0.8571428571,0.1111111111,0.5174537988,0.5957446809,0.74,Sports,Low
23CS0918,Veena,F,23cs918@rns.com,Debolina Roy,Female,0,0.925,0.5102040816,0.3333333333,0.501026694,0.9361702128,0.76,None,High
23CS0919,Shyam,A,23cs919@rns.com,Srushti Kulkarni,Female,1,0.085,0.8163265306,0.1111111111,0.2156057495,0.5744680851,0.68,Arts,Low
23CS0920,Ranjana,B,23cs920@rns.com,Priya Gupta,Male,0,0.18,0.6734693878,0.3333333333,0.4024640657,0.8510638298,0.86,Volunteer,Low
23CS0921,Ayush,C,23cs921@rns.com,Bhagat Raj,Male,0.3333333333,0.585,0.7551020408,0.3333333333,0.40862423,0.8510638298,0.7,Volunteer,Medium
23CS0922,Ramesh,D,23cs922@rns.com,Tisca Chopra ,Female,0.6666666667,0.405,0.8571428571,0.2222222222,0.1971252567,0.8510638298,1,Arts,Low
23CS0923,Zarina,E,23cs923@rns.com,Subramanian,Male,1,0.115,0.8979591837,0.2222222222,0.3449691992,0.6382978723,0.62,Sports,Low
23CS0924,Fazal,F,23cs924@rns.com,G.Kempegowda ,Male,0.3333333333,0.21,0.612244898,0.4444444444,0.2422997947,0.9361702128,0.58,Sports,Low
23CS0925,Tanuja,A,23cs925@rns.com,Vetrivel,Female,0.6666666667,0.085,0.4285714286,0,0.5975359343,0.914893617,1,Arts,Low
23CS0926,Chandni,B,23cs926@rns.com,Rajesh Sharma ,Nonbinary,0.3333333333,0.495,1,0.2222222222,0.5174537988,1,1,None,Low
23CS0927,Jagruti,C,23cs927@rns.com,Anil Chaudhary,Nonbinary,1,0.9,0.8979591837,0.1111111111,0.3531827515,0.9361702128,0.64,None,High
23CS0928,Akhila,D,23cs928@rns.com,Debolina Roy,Female,0,0.085,0.8571428571,0.3333333333,0.3285420945,0.6170212766,0.66,STEM Club,Low
23CS0929,Mahesh,E,23cs929@rns.com,Srushti Kulkarni,Male,0.6666666667,0.27,0.5102040816,0.1111111111,0.2361396304,1,0.76,Volunteer,Low
23CS0930,Pooja,F,23cs930@rns.com,Priya Gupta,Female,1,0.875,0.04081632653,0.3333333333,0.2443531828,0.914893617,0.78,None,High
23CS0931,Tanya,A,23cs931@rns.com,Bhagat Raj,Female,0,0,0.1836734694,0.2222222222,0.7063655031,1,0.88,Sports,Low
23CS0932,Tanmay,B,23cs932@rns.com,Tisca Chopra ,Female,0.6666666667,0.015,0.9591836735,0.4444444444,0.5030800821,0.7659574468,1,STEM Club,Low
23CS0933,Taraksh,C,23cs933@rns.com,Subramanian,Female,0,0.285,0.2448979592,0.2222222222,0.3942505133,1,0.94,Sports,Low
23CS0934,Chandramani,D,23cs934@rns.com,G.Kempegowda ,Female,0.6666666667,0.43,0.612244898,0,0.3326488706,0.9574468085,0.84,None,Low
23CS0935,Sundar,E,23cs935@rns.com,Vetrivel,Female,0.6666666667,0.8,0.8979591837,0.1111111111,0.2176591376,0.7872340426,0.6,Arts,High
23CS0936,Rachna,F,23cs936@rns.com,Rajesh Sharma ,Female,0,0.58,0.7551020408,0,0.476386037,1,0.78,Arts,Medium
23CS0937,Shweta,A,23cs937@rns.com,Anil Chaudhary,Male,0,0.585,0.5918367347,0.1111111111,0.2546201232,0.9574468085,0.94,STEM Club,Medium
23CS0938,Nandini,B,23cs938@rns.com,Debolina Roy,Female,0,0.505,0.6326530612,0.3333333333,0.3593429158,1,0.52,Sports,Medium
23CS0939,Ananya,C,23cs939@rns.com,Srushti Kulkarni,Male,1,0.895,0.7142857143,0.2222222222,0.1211498973,0.5106382979,0.38,Volunteer,High
23CS0940,Ranjana,D,23cs940@rns.com,Priya Gupta,Female,0,0.11,0.9591836735,0.1111111111,0.4558521561,0.5744680851,0.88,Sports,Low
23CS0941,Ekansh,E,23cs941@rns.com,Bhagat Raj,Female,0,0.67,0.2653061224,0.4444444444,0.5277207392,0.6170212766,1,Volunteer,Medium
23CS0942,Gulab,F,23cs942@rns.com,Tisca Chopra ,Female,0.6666666667,0.995,0.8775510204,0,0.4579055441,0.9787234043,0.7,None,High
23CS0943,Jaya,A,23cs943@rns.com,Subramanian,Male,0,0.32,0.7959183673,0.1111111111,0.4517453799,1,0.68,Arts,Low
23CS0944,Pavitra,B,23cs944@rns.com,G.Kempegowda ,Female,0.3333333333,0.12,0.5306122449,0.1111111111,0.3039014374,0.7021276596,1,Arts,Low
23CS0945,Veena,C,23cs945@rns.com,Vetrivel,Female,1,0.03,0.5714285714,0.5555555556,0.2422997947,0.5531914894,0.58,Sports,Low
23CS0946,Uday,D,23cs946@rns.com,Rajesh Sharma ,Male,1,0.89,0.9591836735,0,0.1047227926,0.2978723404,0.48,None,High
23CS0947,Uma,E,23cs947@rns.com,Anil Chaudhary,Male,1,0.79,0.5102040816,0.2222222222,0.4065708419,1,1,STEM Club,High
23CS0948,Kavitha,F,23cs948@rns.com,Debolina Roy,Female,0.3333333333,0.6,0.7959183673,0,0.1930184805,1,0.98,Sports,Medium
23CS0949,Hemant,A,23cs949@rns.com,Srushti Kulkarni,Male,0,0.765,0.8367346939,0.2222222222,0.5051334702,1,0.5,STEM Club,High
23CS0950,Nagma,B,23cs950@rns.com,Priya Gupta,Female,0.6666666667,0.78,0.7959183673,0.1111111111,0.2258726899,0.7021276596,0.6,Sports,High
23CS0951,Amar,C,23cs951@rns.com,Bhagat Raj,Female,1,0.575,0.612244898,0.4444444444,0.5051334702,0.7872340426,1,Arts,Medium
23CS0952,Yuvraj,D,23cs952@rns.com,Tisca Chopra ,Male,1,0.7,0.5102040816,0.1111111111,0.02258726899,0.6170212766,0.84,Sports,Medium
23CS0953,Suresh,E,23cs953@rns.com,Subramanian,Female,1,0.725,0.6326530612,0.3333333333,0.2402464066,0.7234042553,0.88,Arts,Medium
23CS0954,Tanya,F,23cs954@rns.com,G.Kempegowda ,Male,1,0.95,0.8979591837,0.3333333333,0.4743326489,1,0.84,STEM Club,High
23CS0955,Madhuri,A,23cs955@rns.com,Vetrivel,Male,1,0.99,0.5714285714,0,0.3121149897,0.6382978723,0.82,Volunteer,High
23CS0956,Faiyaz,B,23cs956@rns.com,Rajesh Sharma ,Female,0,0.05,0.8979591837,0.2222222222,0.3223819302,0.8085106383,0.6,Arts,Low
23CS0957,Rajendra,C,23cs957@rns.com,Anil Chaudhary,Female,1,0.24,1,0,0.3839835729,0.6808510638,1,Volunteer,Low
23CS0958,Trisha,D,23cs958@rns.com,Debolina Roy,Female,0.6666666667,0.975,0.9591836735,0.3333333333,0.6447638604,1,1,None,High
23CS0959,Bharat,E,23cs959@rns.com,Srushti Kulkarni,Male,0.6666666667,0.94,0.4081632653,0.2222222222,0.5872689938,1,1,STEM Club,High
23CS0960,Harsh,F,23cs960@rns.com,Priya Gupta,Male,1,0.155,1,0.2222222222,0.1930184805,0.8936170213,1,STEM Club,Low
23CS0961,Bhavesh,A,23cs961@rns.com,Bhagat Raj,Female,0.3333333333,0.73,0.9183673469,0.2222222222,0.3942505133,0.829787234,0.88,Arts,Medium
23CS0962,Ritu,B,23cs962@rns.com,Tisca Chopra ,Female,1,0.145,0.1224489796,0,0.5441478439,0.7234042553,0.76,Sports,Low
23CS0963,Pritam,C,23cs963@rns.com,Subramanian,Male,0.3333333333,0.12,0.9795918367,0.2222222222,0.6447638604,1,0.76,None,Low
23CS0964,Abhay,D,23cs964@rns.com,G.Kempegowda ,Male,0.3333333333,0.01,0.9591836735,0.1111111111,0.4004106776,0.829787234,0.86,None,Low
23CS0965,Mohan,E,23cs965@rns.com,Vetrivel,Male,1,0.51,0.8571428571,0.1111111111,0.2977412731,0.8085106383,1,STEM Club,Medium
23CS0966,Neelam,F,23cs966@rns.com,Rajesh Sharma ,Female,0.3333333333,0.615,0.1632653061,0.2222222222,0.3121149897,1,0.74,None,Medium
23CS0967,Nisha,A,23cs967@rns.com,Anil Chaudhary,Male,0,0.57,0.3673469388,0.2222222222,0.3244353183,0.7659574468,0.58,Volunteer,Medium
23CS0968,Rachit,B,23cs968@rns.com,Debolina Roy,Female,0,0.9,0.4489795918,0.3333333333,0.3778234086,0.5106382979,0.68,Volunteer,High
23CS0969,Kunal,C,23cs969@rns.com,Srushti Kulkarni,Female,1,0.07,0.3673469388,0.1111111111,0.2299794661,0.7234042553,1,Volunteer,Low
23CS0970,Pranitha,D,23cs970@rns.com,Priya Gupta,Male,1,0.875,0.7755102041,0.1111111111,0.2915811088,1,0.98,Volunteer,High
23CS0971,Ayush,E,23cs971@rns.com,Bhagat Raj,Female,0,0.49,0.8775510204,0,0.5605749487,0.5744680851,0.72,Sports,Low
23CS0972,Gauri,F,23cs972@rns.com,Tisca Chopra ,Male,0.3333333333,0.265,0.7346938776,0,0.2032854209,0.4255319149,0.44,None,Low
23CS0973,Tejas,A,23cs973@rns.com,Subramanian,Female,0.3333333333,0,0.9795918367,0.2222222222,0.3388090349,1,0.78,None,Low
23CS0974,Ranjan,B,23cs974@rns.com,G.Kempegowda ,Female,0,0.095,0.8163265306,0.3333333333,0.3039014374,0.6595744681,0.38,Volunteer,Low
23CS0975,Anirudh,C,23cs975@rns.com,Vetrivel,Nonbinary,0.3333333333,0.97,1,0.3333333333,0.2997946612,1,0.94,None,High
23CS0976,Pankaj,D,23cs976@rns.com,Rajesh Sharma ,Female,0,0.49,0.9591836735,0.2222222222,0.2094455852,0.6170212766,1,Arts,Low
23CS0977,Deepa,E,23cs977@rns.com,Anil Chaudhary,Male,0,0.575,0.4081632653,0,0.3613963039,0.5744680851,1,Volunteer,Medium
23CS0978,Juhi,F,23cs978@rns.com,Debolina Roy,Female,0.6666666667,0.88,0.2040816327,0.1111111111,0.2299794661,0.8723404255,0.52,None,High
23CS0979,Girish,A,23cs979@rns.com,Srushti Kulkarni,Male,0.6666666667,0.435,0.7346938776,0.1111111111,0.6899383984,1,0.62,None,Low
23CS0980,Suhas,B,23cs980@rns.com,Priya Gupta,Female,0.6666666667,0.95,0.4693877551,0.4444444444,0,0.2978723404,0.6,STEM Club,High
23CS0981,Trilok,C,23cs981@rns.com,Bhagat Raj,Female,0.6666666667,0.575,0.6326530612,0.1111111111,0.4004106776,0.7234042553,0.98,Arts,Medium
23CS0982,Pavitra,D,23cs982@rns.com,Tisca Chopra ,Male,0,0.21,0.8979591837,0.2222222222,0.6283367556,1,1,Arts,Low
23CS0983,Elina,E,23cs983@rns.com,Subramanian,Male,0.3333333333,0.97,0.5714285714,0.1111111111,0.1971252567,0.6595744681,1,None,High
23CS0984,Sunita,F,23cs984@rns.com,G.Kempegowda ,Male,1,0.785,0.5510204082,0.3333333333,0.4188911704,0.8723404255,0.76,Sports,High
23CS0985,Zohra,A,23cs985@rns.com,Vetrivel,Female,0.6666666667,0.675,0.4489795918,0.2222222222,0.3347022587,1,1,None,Medium
23CS0986,Sundar,B,23cs986@rns.com,Rajesh Sharma ,Female,0.3333333333,0.65,0.7959183673,0.2222222222,0.3552361396,1,0.76,Sports,Medium
23CS0987,Dharam,C,23cs987@rns.com,Anil Chaudhary,Female,0.6666666667,0.87,0.1224489796,0.1111111111,0.5318275154,1,1,Sports,High
23CS0988,Ravindra,D,23cs988@rns.com,Debolina Roy,Female,0.6666666667,0.72,0.9183673469,0.4444444444,0.2443531828,0.9574468085,0.48,None,Medium
23CS0989,Dharani,E,23cs989@rns.com,Srushti Kulkarni,Male,1,0.09,0.9591836735,0.2222222222,0.08008213552,0.8510638298,0.68,None,Low
23CS0990,Rachit,F,23cs990@rns.com,Priya Gupta,Female,1,0.49,0.7755102041,0,0.4271047228,0.8936170213,0.78,Arts,Low
23CS0991,Nandan,A,23cs991@rns.com,Bhagat Raj,Male,0.3333333333,0.85,0.8979591837,0.1111111111,0.5092402464,1,1,None,High
23CS0992,Laxmi,B,23cs992@rns.com,Tisca Chopra ,Nonbinary,0.6666666667,0.615,0.612244898,0.1111111111,0.5831622177,1,0.82,Arts,Medium
23CS0993,Ashwin,C,23cs993@rns.com,Subramanian,Male,1,0.71,0.7142857143,0,0,0.8936170213,0.52,Sports,Medium
23CS0994,Laxman,D,23cs994@rns.com,G.Kempegowda ,Female,0.3333333333,0.095,0.7755102041,0.1111111111,0.8583162218,1,1,Volunteer,Low
23CS0995,Ekta,E,23cs995@rns.com,Vetrivel,Female,1,0.23,0.8775510204,0.1111111111,0.4476386037,0.6595744681,0.7,Sports,Low
23CS0996,Zubeda,F,23cs996@rns.com,Rajesh Sharma ,Nonbinary,1,0.72,0.4693877551,0.3333333333,0.2073921971,1,0.9,None,Medium
23CS0997,Suresh,A,23cs997@rns.com,Anil Chaudhary,Male,0.6666666667,0.145,0.9795918367,0,0.1478439425,1,0.6,Arts,Low
23CS0998,Priya,B,23cs998@rns.com,Debolina Roy,Male,1,0.595,0.2448979592,0,0.2936344969,1,0.56,Arts,Medium
23CS0999,Kunal,C,23cs999@rns.com,Srushti Kulkarni,Female,1,0.52,0.5918367347,0.2222222222,0.5297741273,1,1,Volunteer,Medium
23CS1000,Vishakha,D,23cs1000@rns.com,Priya Gupta,Male,0,0.205,0.8979591837,0.1111111111,0.5092402464,0.8723404255,0.7,None,Low
23CS1001,Nikhil,E,23cs1001@rns.com,Bhagat Raj,Female,0.6666666667,0.45,0.7142857143,0.1111111111,0.3429158111,1,0.72,None,Low
23CS1002,Gopal,F,23cs1002@rns.com,Tisca Chopra ,Female,0.3333333333,0.01,0.7755102041,0.2222222222,0.4004106776,0.6382978723,1,None,Low
23CS1003,Eshan,A,23cs1003@rns.com,Subramanian,Male,0.6666666667,0.385,0.7959183673,0.1111111111,0.4147843943,0.8510638298,0.34,Sports,Low
23CS1004,Mahesh,B,23cs1004@rns.com,G.Kempegowda ,Female,0.6666666667,0.095,0.9591836735,0.1111111111,0.3449691992,0.7659574468,0.86,Arts,Low
23CS1005,Yuvraj,C,23cs1005@rns.com,Vetrivel,Male,1,0.355,0.7142857143,0.3333333333,0.2443531828,0.5531914894,1,None,Low
23CS1006,Kalyani,D,23cs1006@rns.com,Rajesh Sharma ,Male,0.6666666667,0.05,0.7755102041,0.3333333333,0.2628336756,0.914893617,0.56,None,Low
23CS1007,Pritam,E,23cs1007@rns.com,Anil Chaudhary,Female,0,0.885,0.7551020408,0.3333333333,0.4455852156,1,1,None,High
23CS1008,Darshan,F,23cs1008@rns.com,Debolina Roy,Female,0.3333333333,0.785,0.8979591837,0,0.2977412731,0.914893617,0.9,Arts,High
23CS1009,Lalith,A,23cs1009@rns.com,Srushti Kulkarni,Male,0.6666666667,0.825,0.8979591837,0.5555555556,0.273100616,0.829787234,0.7,Sports,High
23CS1010,Arjun,B,23cs1010@rns.com,Priya Gupta,Male,0.6666666667,0.135,0.8979591837,0,0.5338809035,0.7446808511,0.5,None,Low
23CS1011,Imran,C,23cs1011@rns.com,Bhagat Raj,Male,1,0.35,0.8979591837,0.2222222222,0.09856262834,0.5319148936,0.38,None,Low
23CS1012,Hitesh,D,23cs1012@rns.com,Tisca Chopra ,Male,0,0.095,0.9795918367,0.4444444444,0.3613963039,0.4680851064,0.94,None,Low
23CS1013,Meenal,E,23cs1013@rns.com,Subramanian,Male,0.3333333333,0.865,0.8775510204,0.2222222222,0.704312115,1,1,Volunteer,High
23CS1014,Gauri,F,23cs1014@rns.com,G.Kempegowda ,Female,0.6666666667,0.61,0.9591836735,0.4444444444,0.4866529774,1,1,STEM Club,Medium
23CS1015,Leela,A,23cs1015@rns.com,Vetrivel,Female,1,0.895,0.8979591837,0.3333333333,0.3347022587,0.8723404255,0.6,None,High
23CS1016,Tanu,B,23cs1016@rns.com,Rajesh Sharma ,Male,0.6666666667,0.09,0.8367346939,0.1111111111,0.2854209446,0.8723404255,0.9,Sports,Low
23CS1017,Chinmay,C,23cs1017@rns.com,Anil Chaudhary,Female,0.6666666667,0.12,0.1428571429,0.2222222222,0.5154004107,1,1,STEM Club,Low
23CS1018,Harini,D,23cs1018@rns.com,Debolina Roy,Male,1,0.755,0.4081632653,0.5555555556,0.08213552361,0.9361702128,0.32,Arts,High
23CS1019,Bhanu,E,23cs1019@rns.com,Srushti Kulkarni,Female,0.6666666667,0.84,0.4693877551,0.1111111111,0.2135523614,0.6595744681,0.68,Arts,High
23CS1020,Anirban,F,23cs1020@rns.com,Priya Gupta,Female,0,0.22,0.6326530612,0.2222222222,0.1498973306,1,0.86,STEM Club,Low
23CS1021,Feroz,A,23cs1021@rns.com,Bhagat Raj,Male,0.3333333333,0.83,0.9387755102,0.2222222222,0.7802874743,1,1,Arts,High
23CS1022,Dharitri,B,23cs1022@rns.com,Tisca Chopra ,Female,0.3333333333,0.94,0.8571428571,0.1111111111,0.1889117043,1,0.54,Arts,High
23CS1023,Ramesh,C,23cs1023@rns.com,Subramanian,Nonbinary,0.3333333333,0.9,0.4081632653,0,0.2874743326,0.5319148936,0.58,Sports,High
23CS1024,Jatin,D,23cs1024@rns.com,G.Kempegowda ,Female,0,0.72,0.4285714286,0.6666666667,0.4435318275,0.4893617021,0.74,Sports,Medium
23CS1025,Ranjit,E,23cs1025@rns.com,Vetrivel,Female,0.3333333333,0.08,0.7959183673,0.1111111111,0.5174537988,1,0.72,STEM Club,Low
23CS1026,Zarina,F,23cs1026@rns.com,Rajesh Sharma ,Female,1,0.185,0.1836734694,0.2222222222,0.5872689938,1,1,Sports,Low
23CS1027,Tanmay,A,23cs1027@rns.com,Anil Chaudhary,Female,1,0.905,0.2040816327,0.1111111111,0.06570841889,0.3404255319,0.36,None,High
23CS1028,Yatindra,B,23cs1028@rns.com,Debolina Roy,Female,0.3333333333,0.875,0.7142857143,0.3333333333,0.2032854209,1,0.76,Sports,High
23CS1029,Ragini,C,23cs1029@rns.com,Srushti Kulkarni,Male,1,0.11,0.7755102041,0.1111111111,0.273100616,0.6382978723,0.6,Volunteer,Low
23CS1030,Devansh,D,23cs1030@rns.com,Priya Gupta,Male,0,0.515,0.7346938776,0.2222222222,0.3305954825,0.7659574468,0.88,None,Medium
23CS1031,Nagma,E,23cs1031@rns.com,Bhagat Raj,Female,0.6666666667,0.275,0.5306122449,0,0.4599589322,0.5957446809,0.94,None,Low
23CS1032,Ravikiran,F,23cs1032@rns.com,Tisca Chopra ,Nonbinary,1,0.575,0.2653061224,0.1111111111,0.1930184805,0.8085106383,0.6,Arts,Medium
23CS1033,Pavitra,A,23cs1033@rns.com,Subramanian,Male,0.6666666667,0.735,0.6530612245,0.3333333333,0.3162217659,0.914893617,0.66,Arts,Medium
23CS1034,Meenal,B,23cs1034@rns.com,G.Kempegowda ,Female,0.6666666667,0.615,0.4693877551,0.5555555556,0.6016427105,0.9361702128,0.9,Sports,Medium
23CS1035,Taraksh,C,23cs1035@rns.com,Vetrivel,Male,0.3333333333,0.305,0.5306122449,0.2222222222,0,0.3829787234,0.26,None,Low
23CS1036,Poojani,D,23cs1036@rns.com,Rajesh Sharma ,Female,0,0.405,0.4489795918,0.1111111111,0.4332648871,0.829787234,0.64,None,Low
23CS1037,Sharanya,E,23cs1037@rns.com,Anil Chaudhary,Female,1,0.44,0.5714285714,0.3333333333,0.453798768,1,0.9,Arts,Low
23CS1038,Rameshwar,F,23cs1038@rns.com,Debolina Roy,Male,0.3333333333,0.85,0.4489795918,0.1111111111,0.636550308,1,0.98,None,High
23CS1039,Yogesh,A,23cs1039@rns.com,Srushti Kulkarni,Male,0,0.43,0.9183673469,0.2222222222,0.5585215606,0.914893617,0.72,None,Low
23CS1040,Chandramani,B,23cs1040@rns.com,Priya Gupta,Male,1,0.785,0.8979591837,0.2222222222,0.2114989733,0.829787234,0.76,STEM Club,High
23CS1041,Pranav,C,23cs1041@rns.com,Bhagat Raj,Female,0.6666666667,0.855,0.8367346939,0.2222222222,0.4394250513,0.7234042553,1,None,High
23CS1042,Ranjit,D,23cs1042@rns.com,Tisca Chopra ,Male,0.6666666667,0.085,0.9183673469,0.2222222222,0.5790554415,1,0.62,Sports,Low
23CS1043,Ashwin,E,23cs1043@rns.com,Subramanian,Male,1,0.33,0.8775510204,0.2222222222,0.2299794661,0.914893617,0.6,STEM Club,Low
23CS1044,Omprakash,F,23cs1044@rns.com,G.Kempegowda ,Male,0.3333333333,0.645,0.4693877551,0.1111111111,0.09856262834,1,0.58,Arts,Medium
23CS1045,Vishal,A,23cs1045@rns.com,Vetrivel,Female,0.6666666667,0.73,0.2244897959,0.5555555556,0.1683778234,0.7446808511,0.94,Sports,Medium
23CS1046,Pranav,B,23cs1046@rns.com,Rajesh Sharma ,Male,1,0.52,0.9387755102,0,0.431211499,0.5319148936,0.98,Sports,Medium
23CS1047,Omkari,C,23cs1047@rns.com,Anil Chaudhary,Male,0.3333333333,0.73,0.693877551,0.6666666667,0.1088295688,0.5957446809,0.76,Arts,Medium
23CS1048,Pradeep,D,23cs1048@rns.com,Debolina Roy,Female,0.6666666667,0.915,0.6530612245,0.1111111111,0.5954825462,0.8085106383,0.98,Volunteer,High
23CS1049,Prakash,E,23cs1049@rns.com,Srushti Kulkarni,Male,0.6666666667,0.315,0.7959183673,0.1111111111,0.295687885,0.829787234,1,Arts,Low
23CS1050,Dharani,F,23cs1050@rns.com,Priya Gupta,Male,0,0.67,0.7959183673,0.3333333333,0.7782340862,1,1,STEM Club,Medium
23CS1051,Tanya,A,23cs1051@rns.com,Bhagat Raj,Male,0.3333333333,0.175,0.4897959184,0.3333333333,0.5359342916,1,0.78,None,Low
23CS1052,Sundar,B,23cs1052@rns.com,Tisca Chopra ,Female,0,0.21,0.8775510204,0.1111111111,0.5995893224,1,1,None,Low
23CS1053,Rakesh,C,23cs1053@rns.com,Subramanian,Male,0.3333333333,0.39,0.9795918367,0.4444444444,0.4517453799,1,0.68,STEM Club,Low
23CS1054,Laxmi,D,23cs1054@rns.com,G.Kempegowda ,Male,0.3333333333,0.505,0.387755102,0.2222222222,0.5030800821,0.8510638298,1,Volunteer,Medium
23CS1055,Kiran,E,23cs1055@rns.com,Vetrivel,Female,0.6666666667,0.895,0.7346938776,0.2222222222,0.295687885,0.5106382979,0.52,STEM Club,High
23CS1056,Hema,F,23cs1056@rns.com,Rajesh Sharma ,Male,1,0.28,0.3673469388,0,0.4209445585,1,0.88,Volunteer,Low
23CS1057,Ranjana,A,23cs1057@rns.com,Anil Chaudhary,Female,0,0.86,0.8775510204,0.2222222222,0.6529774127,1,1,None,High
23CS1058,Janardhan,B,23cs1058@rns.com,Debolina Roy,Male,1,0.03,0.9795918367,0.1111111111,0.4353182752,1,1,STEM Club,Low
23CS1059,Bhanu,C,23cs1059@rns.com,Srushti Kulkarni,Female,0,0.125,0.1836734694,0.2222222222,0.6550308008,0.8723404255,1,Volunteer,Low
23CS1060,Sanjana,D,23cs1060@rns.com,Priya Gupta,Female,0.3333333333,0.2,0.08163265306,0.4444444444,0.431211499,0.8936170213,1,Arts,Low
23CS1061,Chandrika,E,23cs1061@rns.com,Bhagat Raj,Male,1,0.725,0.5918367347,0.2222222222,0.4229979466,0.8085106383,0.76,Sports,Medium
23CS1062,Kavitha,F,23cs1062@rns.com,Tisca Chopra ,Female,0.3333333333,0.875,0.1224489796,0,0.4620123203,0.7021276596,0.92,Sports,High
23CS1063,Anjali,A,23cs1063@rns.com,Subramanian,Male,0.3333333333,0.87,0.9795918367,0.2222222222,0,0.7021276596,0.32,STEM Club,High
23CS1064,Devendra,B,23cs1064@rns.com,G.Kempegowda ,Male,0,0.73,0.4489795918,0.3333333333,0.1724845996,0.6170212766,0.34,None,Medium
23CS1065,Ashwin,C,23cs1065@rns.com,Vetrivel,Male,0.3333333333,0.005,0.306122449,0.3333333333,0.4661190965,1,0.82,STEM Club,Low
23CS1066,Wali,D,23cs1066@rns.com,Rajesh Sharma ,Male,0,0.955,0.6326530612,0.4444444444,0.3388090349,0.9574468085,0.48,Sports,High
23CS1067,Dharani,E,23cs1067@rns.com,Anil Chaudhary,Female,1,0.16,0.8571428571,0.1111111111,0.2484599589,0.8085106383,1,Arts,Low
23CS1068,Omkari,F,23cs1068@rns.com,Debolina Roy,Female,1,0.125,0.3673469388,0.4444444444,0.07802874743,0.914893617,0.48,None,Low
23CS1069,Rachit,A,23cs1069@rns.com,Srushti Kulkarni,Male,1,0.795,0.612244898,0.5555555556,0.06160164271,0.3617021277,0.74,Volunteer,High
23CS1070,Ovi,B,23cs1070@rns.com,Priya Gupta,Male,0.6666666667,0.88,0.8775510204,0.2222222222,0.3429158111,0.7021276596,1,Sports,High
23CS1071,Madhukar,C,23cs1071@rns.com,Bhagat Raj,Female,0,0.33,0.9591836735,0,0.7412731006,1,1,Sports,Low
23CS1072,Rituparna,D,23cs1072@rns.com,Tisca Chopra ,Female,1,0.23,0.4693877551,0.1111111111,0.2012320329,0.8936170213,0.84,STEM Club,Low
23CS1073,Manorama,E,23cs1073@rns.com,Subramanian,Female,0.6666666667,0.045,0.2040816327,0.1111111111,0.5852156057,0.9787234043,0.94,Arts,Low
23CS1074,Gulab,F,23cs1074@rns.com,G.Kempegowda ,Nonbinary,0.6666666667,0.625,0.4693877551,0.2222222222,0.2854209446,0.6170212766,0.82,Arts,Medium
23CS1075,Gulzar,A,23cs1075@rns.com,Vetrivel,Female,0,0.7,0.9795918367,0.3333333333,0.498973306,1,0.94,Sports,Medium
23CS1076,Anup,B,23cs1076@rns.com,Rajesh Sharma ,Male,0.6666666667,0.1,0.693877551,0.3333333333,0.4517453799,0.7021276596,0.82,Sports,Low
23CS1077,Gopal,C,23cs1077@rns.com,Anil Chaudhary,Male,0,0.395,0.3673469388,0.3333333333,0.3121149897,1,0.78,STEM Club,Low
23CS1078,Pranitha,D,23cs1078@rns.com,Debolina Roy,Male,1,0.875,0.7551020408,0.3333333333,0.2525667351,0.3829787234,0.78,Arts,High
23CS1079,Kavya,E,23cs1079@rns.com,Srushti Kulkarni,Male,1,0.24,0.5510204082,0.1111111111,0.2546201232,0.7872340426,0.92,Sports,Low
23CS1080,Parvati,F,23cs1080@rns.com,Priya Gupta,Male,1,0.025,0.4693877551,0.3333333333,0.2628336756,0.7446808511,0.56,None,Low
23CS1081,Waman,A,23cs1081@rns.com,Bhagat Raj,Male,0.6666666667,0.4,1,0.3333333333,0.3757700205,0.4893617021,0.84,Arts,Low
23CS1082,Ishwar,B,23cs1082@rns.com,Tisca Chopra ,Male,0.6666666667,0.605,0.2244897959,0.3333333333,0.5154004107,0.9361702128,0.52,Sports,Medium
23CS1083,Kalyan,C,23cs1083@rns.com,Subramanian,Male,0.3333333333,0.64,0.8367346939,0.2222222222,0.112936345,0.8085106383,0.1,Sports,Medium
23CS1084,Wasim,D,23cs1084@rns.com,G.Kempegowda ,Male,0.3333333333,0.7,0.7959183673,0,0.5133470226,1,1,None,Medium
23CS1085,Zubeda,E,23cs1085@rns.com,Vetrivel,Male,0.6666666667,0.95,0.2857142857,0.1111111111,0.2936344969,0.7021276596,0.74,Volunteer,High
23CS1086,Nisha,F,23cs1086@rns.com,Rajesh Sharma ,Male,0.3333333333,0.695,0.9795918367,0.3333333333,0.6242299795,0.8085106383,0.62,STEM Club,Medium
23CS1087,Dharam,A,23cs1087@rns.com,Anil Chaudhary,Female,0,0.12,0.2857142857,0.2222222222,0.3572895277,1,0.78,Arts,Low
23CS1088,Feroza,B,23cs1088@rns.com,Debolina Roy,Male,0.6666666667,0.28,0.4897959184,0.2222222222,0.1868583162,0.7234042553,0.6,Volunteer,Low
23CS1089,Zohra,C,23cs1089@rns.com,Srushti Kulkarni,Male,0.3333333333,0.86,0.7755102041,0.3333333333,0.3141683778,1,0.5,None,High
23CS1090,Dharani,D,23cs1090@rns.com,Priya Gupta,Female,1,0.83,1,0.2222222222,0.501026694,0.5106382979,0.6,Sports,High
23CS1091,Dinesh,E,23cs1091@rns.com,Bhagat Raj,Female,1,0.875,0.612244898,0,0.5154004107,0.6808510638,0.84,None,High
23CS1092,Hema,F,23cs1092@rns.com,Tisca Chopra ,Female,0.6666666667,0.985,0.4489795918,0,0.5154004107,0.7659574468,1,Arts,High
23CS1093,Pranati,A,23cs1093@rns.com,Subramanian,Female,1,0.465,0.8367346939,0.5555555556,0.5071868583,0.7446808511,0.9,Sports,Low
23CS1094,Diya,B,23cs1094@rns.com,G.Kempegowda ,Female,0,0.415,0.6734693878,0.2222222222,0.3593429158,0.6808510638,0.72,Volunteer,Low
23CS1095,Nirmala,C,23cs1095@rns.com,Vetrivel,Male,0.3333333333,0.01,0.9795918367,0.2222222222,0.5030800821,1,1,None,Low
23CS1096,Ashwin,D,23cs1096@rns.com,Rajesh Sharma ,Female,0,0.505,0.5306122449,0.2222222222,0.3141683778,0.5957446809,0.52,None,Medium
23CS1097,Ramesh,E,23cs1097@rns.com,Anil Chaudhary,Male,0,0.355,0.387755102,0.1111111111,0.6858316222,1,1,Arts,Low
23CS1098,Yamini,F,23cs1098@rns.com,Debolina Roy,Male,0.3333333333,0.16,0.7346938776,0.3333333333,0.4250513347,0.914893617,0.6,Sports,Low
23CS1099,Damini,A,23cs1099@rns.com,Srushti Kulkarni,Female,0,0.945,0.3265306122,0.2222222222,0.2874743326,0.6595744681,0.48,Arts,High
23CS1100,Farida,B,23cs1100@rns.com,Priya Gupta,Female,0.3333333333,0.595,0.5714285714,0.1111111111,0.1950718686,0.7234042553,0.7,STEM Club,Medium
23CS1101,Harsh,C,23cs1101@rns.com,Bhagat Raj,Male,0,0.905,0.4489795918,0,0.07392197125,0.829787234,0.6,Sports,High
23CS1102,Yuvraj,D,23cs1102@rns.com,Tisca Chopra ,Male,0.3333333333,0.61,0.5510204082,0.3333333333,0.1108829569,0.7446808511,0.72,STEM Club,Medium
23CS1103,Sakshi,E,23cs1103@rns.com,Subramanian,Male,1,0.23,0.5102040816,0.2222222222,0.3942505133,1,0.68,None,Low
23CS1104,Sachin,F,23cs1104@rns.com,G.Kempegowda ,Male,0.6666666667,0.08,0.5510204082,0.5555555556,0.3347022587,1,0.82,Volunteer,Low
23CS1105,Neelam,A,23cs1105@rns.com,Vetrivel,Female,0.6666666667,0.345,0.9387755102,0,0.3080082136,1,0.64,STEM Club,Low
23CS1106,Kavya,B,23cs1106@rns.com,Rajesh Sharma ,Male,1,0.205,0.5306122449,0.2222222222,0.135523614,0.6170212766,0.16,Sports,Low
23CS1107,Lalith,C,23cs1107@rns.com,Anil Chaudhary,Female,0,0.545,0.2857142857,0.2222222222,0.3593429158,0.8936170213,0.56,STEM Club,Medium
23CS1108,Wasim,D,23cs1108@rns.com,Debolina Roy,Female,0.6666666667,0.98,0.7346938776,0.3333333333,0.5564681725,1,0.66,Sports,High
23CS1109,Madhukar,E,23cs1109@rns.com,Srushti Kulkarni,Female,0.6666666667,0.62,0.387755102,0.6666666667,0,0.8085106383,0.66,Sports,Medium
23CS1110,Girish,F,23cs1110@rns.com,Priya Gupta,Female,0.3333333333,0.495,0.7959183673,0.2222222222,0.1149897331,1,0.6,Arts,Low
23CS1111,Gitanjali,A,23cs1111@rns.com,Bhagat Raj,Male,0.6666666667,0.425,0.6530612245,0.3333333333,0.1622176591,0.7872340426,0.8,Arts,Low
23CS1112,Gitanjali,B,23cs1112@rns.com,Tisca Chopra ,Female,0,0.725,0.8775510204,0.4444444444,0.2792607803,0.7659574468,0.72,Sports,Medium
23CS1113,Nivedh,C,23cs1113@rns.com,Subramanian,Female,0.3333333333,0.975,0.9795918367,0.2222222222,0.6221765914,0.8510638298,0.52,Sports,High
23CS1114,Gaurav,D,23cs1114@rns.com,G.Kempegowda ,Nonbinary,0.3333333333,0.475,0.5714285714,0.3333333333,0.2566735113,0.3404255319,0.4,Sports,Low
23CS1115,Jatin,E,23cs1115@rns.com,Vetrivel,Female,0.6666666667,0.005,0.5102040816,0,0.04517453799,1,0.6,None,Low
23CS1116,Chitra,F,23cs1116@rns.com,Rajesh Sharma ,Female,0,0.04,0.1428571429,0.1111111111,0.4024640657,1,1,STEM Club,Low
23CS1117,Kalpana,A,23cs1117@rns.com,Anil Chaudhary,Female,0.6666666667,0.65,0.8775510204,0,0.3942505133,1,1,Arts,Medium
23CS1118,Urmila,B,23cs1118@rns.com,Debolina Roy,Male,1,0.665,0.9795918367,0.2222222222,0.4373716632,0.8510638298,0.64,STEM Club,Medium
23CS1119,Saanvi,C,23cs1119@rns.com,Srushti Kulkarni,Male,0.6666666667,0.515,0.2653061224,0.1111111111,0.4702258727,1,1,Sports,Medium
23CS1120,Kalpana,D,23cs1120@rns.com,Priya Gupta,Female,0,0.77,0.8979591837,0.2222222222,0.3080082136,0.9361702128,0.6,Arts,High
23CS1121,Ojaswini,E,23cs1121@rns.com,Bhagat Raj,Nonbinary,0,0.56,0.2653061224,0.4444444444,0.06570841889,0.6382978723,1,Sports,Medium
23CS1122,Ranjana,F,23cs1122@rns.com,Tisca Chopra ,Male,1,0.105,0.6734693878,0,0.1437371663,0.6382978723,0.68,Sports,Low
23CS1123,Wasim,A,23cs1123@rns.com,Subramanian,Male,0,0.965,0.3265306122,0.2222222222,0.1047227926,0.7446808511,0.7,STEM Club,High
23CS1124,Chandni,B,23cs1124@rns.com,G.Kempegowda ,Male,0.6666666667,0.845,0.9183673469,0.2222222222,0.1889117043,0.6808510638,0.7,STEM Club,High
23CS1125,Sanjana,C,23cs1125@rns.com,Vetrivel,Male,0.3333333333,0.045,0.2857142857,0.4444444444,0.2320328542,0.4680851064,0.86,Volunteer,Low
23CS1126,Ravikiran,D,23cs1126@rns.com,Rajesh Sharma ,Female,1,0.22,0.7346938776,0.2222222222,0.5585215606,1,1,Sports,Low
23CS1127,Sakshi,E,23cs1127@rns.com,Anil Chaudhary,Male,1,0.535,0.3265306122,0.2222222222,0.3552361396,0.9787234043,0.7,STEM Club,Medium
23CS1128,Urmil,F,23cs1128@rns.com,Debolina Roy,Male,1,0.505,0.4489795918,0.1111111111,0.4106776181,0.5531914894,0.5,Sports,Medium
23CS1129,Saraswati,A,23cs1129@rns.com,Srushti Kulkarni,Female,0,0.1,0.9591836735,0.3333333333,0.2320328542,0.8510638298,0.66,Sports,Low
23CS1130,Rachna,B,23cs1130@rns.com,Priya Gupta,Female,0.6666666667,0.72,0.3265306122,0.6666666667,0.4106776181,0.914893617,0.94,Sports,Medium
23CS1131,Kunal,C,23cs1131@rns.com,Bhagat Raj,Female,0.3333333333,0.9,0.8979591837,0.2222222222,0.2443531828,1,0.78,Sports,High
23CS1132,Anupama,D,23cs1132@rns.com,Tisca Chopra ,Female,0.3333333333,0.225,0.2244897959,0.1111111111,0.1540041068,0.6170212766,1,STEM Club,Low
23CS1133,Chinmay,E,23cs1133@rns.com,Subramanian,Female,1,0.565,0.5918367347,0.2222222222,0.2238193018,0.2340425532,0.88,STEM Club,Medium
23CS1134,Aarti,F,23cs1134@rns.com,G.Kempegowda ,Male,0.3333333333,0.505,0.612244898,0.2222222222,0.3778234086,0.7446808511,0.44,Sports,Medium
23CS1135,Deepa,A,23cs1135@rns.com,Vetrivel,Female,0.3333333333,0.485,0.8163265306,0.3333333333,0.1971252567,0.914893617,0.78,Volunteer,Low
23CS1136,Lalitha,B,23cs1136@rns.com,Rajesh Sharma ,Male,0.6666666667,1,0.8571428571,0.3333333333,0.2710472279,0.8510638298,0.8,STEM Club,High
23CS1137,Arvind,C,23cs1137@rns.com,Anil Chaudhary,Female,0.6666666667,0.815,0.9591836735,0,0.6570841889,1,1,STEM Club,High
23CS1138,Waseem,D,23cs1138@rns.com,Debolina Roy,Nonbinary,0.6666666667,0.15,0.6326530612,0.2222222222,0.2402464066,0.8510638298,0.5,STEM Club,Low
23CS1139,Imran,E,23cs1139@rns.com,Srushti Kulkarni,Male,0,0.185,0.8775510204,0.1111111111,0.3737166324,0.829787234,0.48,None,Low
23CS1140,Ravindra,F,23cs1140@rns.com,Priya Gupta,Female,1,0.26,0.2244897959,0.2222222222,0.4681724846,0.6808510638,1,None,Low
23CS1141,Ranjit,A,23cs1141@rns.com,Bhagat Raj,Female,0.6666666667,0.38,0.4285714286,0.1111111111,0.3305954825,0.914893617,0.88,Arts,Low
23CS1142,Nargis,B,23cs1142@rns.com,Tisca Chopra ,Male,0.6666666667,0.815,0.4489795918,0.1111111111,0.2772073922,1,0.88,None,High
23CS1143,Aarav,C,23cs1143@rns.com,Subramanian,Male,1,0.67,0.7142857143,0.1111111111,0.4702258727,1,0.8,None,Medium
23CS1144,Hema,D,23cs1144@rns.com,G.Kempegowda ,Male,0,0.17,0.387755102,0.2222222222,0.4414784394,0.7872340426,0.88,Arts,Low
23CS1145,Urmila,E,23cs1145@rns.com,Vetrivel,Female,1,0.935,0.4285714286,0.5555555556,0.2710472279,0.7659574468,0.82,STEM Club,High
23CS1146,Dharam,F,23cs1146@rns.com,Rajesh Sharma ,Female,0.3333333333,0.04,0.7346938776,0.2222222222,0.4188911704,0.829787234,1,STEM Club,Low
23CS1147,Upasana,A,23cs1147@rns.com,Anil Chaudhary,Male,0.3333333333,0.82,0.6326530612,0.3333333333,0.3305954825,0.914893617,1,None,High
23CS1148,Nargis,B,23cs1148@rns.com,Debolina Roy,Male,0.3333333333,0.13,0.8571428571,0.2222222222,0.158110883,0.6382978723,0.72,None,Low
23CS1149,Chand,C,23cs1149@rns.com,Srushti Kulkarni,Female,0.3333333333,0.575,0.5306122449,0,0.59137577,0.8936170213,0.72,STEM Club,Medium
23CS1150,Ravindra,D,23cs1150@rns.com,Priya Gupta,Female,0.3333333333,0.755,0.5714285714,0.1111111111,0.05749486653,0.9787234043,0.62,Arts,High
23CS1151,Ashwin,E,23cs1151@rns.com,Bhagat Raj,Female,1,0.13,0.7346938776,0,0.4414784394,0.829787234,0.7,Arts,Low
23CS1152,Eklavya,F,23cs1152@rns.com,Tisca Chopra ,Female,0,0.985,0.7755102041,0.4444444444,0.3285420945,0.6170212766,0.8,Arts,High
23CS1153,Zubin,A,23cs1153@rns.com,Subramanian,Female,0,0.265,0.612244898,0,0.6570841889,1,1,None,Low
23CS1154,Charan,B,23cs1154@rns.com,G.Kempegowda ,Male,0.6666666667,0.635,0.7755102041,0.4444444444,0,0.170212766,0.68,Sports,Medium
23CS1155,Kalyani,C,23cs1155@rns.com,Vetrivel,Male,0,0.135,0.8775510204,0.4444444444,0.3675564682,0.5106382979,0.96,Arts,Low
23CS1156,Shyam,D,23cs1156@rns.com,Rajesh Sharma ,Female,0.3333333333,0.785,0.9591836735,0.1111111111,0.3264887064,1,0.76,Arts,High
23CS1157,Imran,E,23cs1157@rns.com,Anil Chaudhary,Female,0.3333333333,0.675,0.5102040816,0.5555555556,0.6283367556,1,1,Arts,Medium
23CS1158,Nitin,F,23cs1158@rns.com,Debolina Roy,Male,1,0.08,0.4285714286,0.2222222222,0.4106776181,0.9574468085,1,Arts,Low
23CS1159,Parvati,A,23cs1159@rns.com,Srushti Kulkarni,Male,0,0.205,0.4897959184,0.3333333333,0.340862423,0.6170212766,0.78,Volunteer,Low
23CS1160,Shabnam,B,23cs1160@rns.com,Priya Gupta,Male,0.3333333333,0.075,0.8571428571,0,0.2073921971,0.4680851064,0.46,STEM Club,Low
23CS1161,Ananya,C,23cs1161@rns.com,Bhagat Raj,Female,0.3333333333,0.22,0.9795918367,0.1111111111,0.2073921971,0.5531914894,0.78,STEM Club,Low
23CS1162,Yuvraj,D,23cs1162@rns.com,Tisca Chopra ,Nonbinary,0.6666666667,0.27,0.8163265306,0.1111111111,0.08829568789,0.2340425532,0.46,Volunteer,Low
23CS1163,Ranjani,E,23cs1163@rns.com,Subramanian,Female,0.6666666667,0.905,0.1224489796,0.2222222222,0.1930184805,0.5957446809,0.76,Arts,High
23CS1164,Elina,F,23cs1164@rns.com,G.Kempegowda ,Male,1,0.29,0.5306122449,0.3333333333,0.4271047228,1,1,Arts,Low
23CS1165,Leela,A,23cs1165@rns.com,Vetrivel,Male,1,0.47,0.4489795918,0.1111111111,0.3552361396,0.8723404255,0.54,Arts,Low
23CS1166,Yash,B,23cs1166@rns.com,Rajesh Sharma ,Nonbinary,0.3333333333,0.225,0.7551020408,0.4444444444,0.3121149897,0.7234042553,0.9,None,Low
23CS1167,Leela,C,23cs1167@rns.com,Anil Chaudhary,Male,0.3333333333,0.25,0.5714285714,0.1111111111,0.4722792608,0.7872340426,0.98,Volunteer,Low
23CS1168,Ravindra,D,23cs1168@rns.com,Debolina Roy,Male,0.6666666667,0.14,0.7346938776,0.5555555556,0.160164271,0.7021276596,0.74,None,Low
23CS1169,Zohra,E,23cs1169@rns.com,Srushti Kulkarni,Male,0,0.34,0.5918367347,0.5555555556,0.386036961,0.7234042553,1,None,Low
23CS1170,Ojaswini,F,23cs1170@rns.com,Priya Gupta,Male,0.3333333333,0.255,0.7346938776,0,0.2997946612,0.7659574468,0.64,STEM Club,Low
23CS1171,Ishaan,A,23cs1171@rns.com,Bhagat Raj,Female,1,0.86,0.387755102,0,0.4414784394,0.4255319149,1,Sports,High
23CS1172,Keshav,B,23cs1172@rns.com,Tisca Chopra ,Female,0.6666666667,0.02,0.5510204082,0.3333333333,0.2258726899,1,0.9,None,Low
23CS1173,Anjali,C,23cs1173@rns.com,Subramanian,Male,0,0.765,0.5714285714,0.1111111111,0.4435318275,0.914893617,0.9,Volunteer,High
23CS1174,Vandita,D,23cs1174@rns.com,G.Kempegowda ,Male,0.6666666667,0.885,0.3469387755,0,0.1848049281,0.9361702128,0.86,Arts,High
23CS1175,Rakesh,E,23cs1175@rns.com,Vetrivel,Female,0.3333333333,0.09,0.387755102,0.1111111111,0.3100616016,1,0.6,Sports,Low
23CS1176,Wali,F,23cs1176@rns.com,Rajesh Sharma ,Female,1,0.94,0.7755102041,0.3333333333,0.4579055441,0.6595744681,1,STEM Club,High
23CS1177,Yogita,A,23cs1177@rns.com,Anil Chaudhary,Male,0.3333333333,0.525,0.6326530612,0.6666666667,0.4127310062,0.6382978723,0.56,Sports,Medium
23CS1178,Gopal,B,23cs1178@rns.com,Debolina Roy,Female,0.6666666667,0.31,0.6734693878,0,0.2361396304,0.9787234043,0.66,None,Low
23CS1179,Rachna,C,23cs1179@rns.com,Srushti Kulkarni,Male,1,0.465,0.8775510204,0.3333333333,0.6919917864,0.8085106383,0.96,STEM Club,Low
23CS1180,Priya,D,23cs1180@rns.com,Priya Gupta,Female,1,0.92,0.9387755102,0,0.4804928131,0.8936170213,1,Arts,High
23CS1181,Leela,E,23cs1181@rns.com,Bhagat Raj,Male,0.3333333333,0.985,0.2653061224,0,0.1889117043,0.7659574468,0.88,Sports,High
23CS1182,Oviya,F,23cs1182@rns.com,Tisca Chopra ,Female,0.3333333333,0.29,0.8163265306,0.1111111111,0.2402464066,0.5106382979,0.84,None,Low
23CS1183,Chaitanya,A,23cs1183@rns.com,Subramanian,Male,0.6666666667,0.79,0.2244897959,0.2222222222,0.2402464066,0.7234042553,0.82,STEM Club,High
23CS1184,Vijay,B,23cs1184@rns.com,G.Kempegowda ,Female,1,0.735,0.7346938776,0.2222222222,0.2217659138,1,0.2,STEM Club,Medium
23CS1185,Vasundhara,C,23cs1185@rns.com,Vetrivel,Female,0,0.47,0.7959183673,0.2222222222,0.6529774127,0.9574468085,0.94,None,Low
23CS1186,Ojas,D,23cs1186@rns.com,Rajesh Sharma ,Male,0,0.69,0.9387755102,0.2222222222,0.2361396304,0.8085106383,0.86,Volunteer,Medium
23CS1187,Zeba,E,23cs1187@rns.com,Anil Chaudhary,Male,0.3333333333,0.39,0.1428571429,0.1111111111,0.1868583162,0.8510638298,0.84,Volunteer,Low
23CS1188,Rakesh,F,23cs1188@rns.com,Debolina Roy,Female,0,0.445,0.4897959184,0,0.3121149897,0.8085106383,0.84,Sports,Low
23CS1189,Nirmala,A,23cs1189@rns.com,Srushti Kulkarni,Female,0.6666666667,0.63,0.1428571429,0,0.3511293634,1,0.78,Arts,Medium
23CS1190,Devendra,B,23cs1190@rns.com,Priya Gupta,Female,0.6666666667,0.105,0.4693877551,0.4444444444,0.4455852156,1,1,None,Low
23CS1191,Gulab,C,23cs1191@rns.com,Bhagat Raj,Female,0.6666666667,0.66,0.612244898,0.1111111111,0,1,0.76,None,Medium
23CS1192,Hemal,D,23cs1192@rns.com,Tisca Chopra ,Male,0.3333333333,0.48,0.8571428571,0.6666666667,0.09650924025,0.8085106383,0.78,Sports,Low
23CS1193,Pranati,E,23cs1193@rns.com,Subramanian,Female,0.6666666667,0.07,0.9795918367,0.2222222222,0.4887063655,1,0.92,Arts,Low
23CS1194,Eshita,F,23cs1194@rns.com,G.Kempegowda ,Male,0.6666666667,0.595,0.9591836735,0.2222222222,0.6735112936,0.8510638298,0.98,Sports,Medium
23CS1195,Leelavati,A,23cs1195@rns.com,Vetrivel,Female,0,0.14,0.7551020408,0,0.5400410678,1,1,Sports,Low
23CS1196,Keshav,B,23cs1196@rns.com,Rajesh Sharma ,Male,0.3333333333,0.065,0.9183673469,0.1111111111,0.2361396304,0.6808510638,0.98,Arts,Low
23CS1197,Gulshan,C,23cs1197@rns.com,Anil Chaudhary,Nonbinary,0.3333333333,0.065,0.9183673469,0.4444444444,0.3696098563,0.7446808511,1,STEM Club,Low
23CS1198,Chinmay,D,23cs1198@rns.com,Debolina Roy,Female,0.3333333333,0.04,0.9591836735,0.4444444444,0.5441478439,1,1,Arts,Low
23CS1199,Radhika,E,23cs1199@rns.com,Srushti Kulkarni,Male,0.6666666667,0.75,0.6530612245,0.2222222222,0.3716632444,0.7872340426,0.66,STEM Club,High
23CS1200,Hemant,F,23cs1200@rns.com,Priya Gupta,Male,1,0.13,0.5510204082,0.2222222222,0.6098562628,1,0.72,None,Low
23CS1201,Ravindra,A,23cs1201@rns.com,Bhagat Raj,Male,1,0.69,0.9591836735,0.2222222222,0.4845995893,0.6382978723,1,Arts,Medium
23CS1202,Manorama,B,23cs1202@rns.com,Tisca Chopra ,Female,0.3333333333,0.605,0.4489795918,0.1111111111,0.7125256674,0.7234042553,1,STEM Club,Medium
23CS1203,Yogita,C,23cs1203@rns.com,Subramanian,Male,0.3333333333,0.74,0.4897959184,0.5555555556,0.1006160164,0.9787234043,0.7,None,Medium
23CS1204,Gitanjali,D,23cs1204@rns.com,G.Kempegowda ,Female,0.6666666667,0.375,0.5306122449,0,0.09034907598,0.7659574468,0.42,Sports,Low
23CS1205,Vijay,E,23cs1205@rns.com,Vetrivel,Male,0.6666666667,0.18,0.2244897959,0.1111111111,0.4291581109,0.7021276596,0.84,Volunteer,Low
23CS1206,Suhas,F,23cs1206@rns.com,Rajesh Sharma ,Female,0.3333333333,0.595,0.4693877551,0.1111111111,0.1149897331,0.6382978723,0.74,None,Medium
23CS1207,Fahim,A,23cs1207@rns.com,Anil Chaudhary,Male,0.3333333333,0.18,0.7959183673,0.2222222222,0.4558521561,0.7021276596,1,Sports,Low
23CS1208,Anup,B,23cs1208@rns.com,Debolina Roy,Nonbinary,0.6666666667,0.85,0.5918367347,0.2222222222,0.02874743326,0.7872340426,0.34,STEM Club,High
23CS1209,Kalpana,C,23cs1209@rns.com,Srushti Kulkarni,Male,0.3333333333,0.685,0.8979591837,0,0.5523613963,1,1,Arts,Medium
23CS1210,Chandramani,D,23cs1210@rns.com,Priya Gupta,Female,0.6666666667,0.175,0.5510204082,0.2222222222,0.4004106776,0.914893617,0.58,Arts,Low
23CS1211,Ojas,E,23cs1211@rns.com,Bhagat Raj,Male,0.6666666667,0.405,0.5918367347,0.2222222222,0.4271047228,0.6595744681,0.74,Sports,Low
23CS1212,Madhav,F,23cs1212@rns.com,Tisca Chopra ,Male,0,0.095,0.9387755102,0.4444444444,0.2854209446,0.5744680851,0.82,None,Low
23CS1213,Irfan,A,23cs1213@rns.com,Subramanian,Male,0,0.815,0.4897959184,0.1111111111,0.2484599589,0.5957446809,0.62,Arts,High
23CS1214,Prakash,B,23cs1214@rns.com,G.Kempegowda ,Female,0.3333333333,0.645,0.9795918367,0.2222222222,0.5872689938,0.9361702128,0.56,Sports,Medium
23CS1215,Devika,C,23cs1215@rns.com,Vetrivel,Male,0.3333333333,0.03,0.8775510204,0.3333333333,0.5318275154,0.7021276596,1,Sports,Low
23CS1216,Keshav,D,23cs1216@rns.com,Rajesh Sharma ,Male,0.6666666667,0.03,0.4285714286,0.2222222222,0.02669404517,0.7446808511,0.7,Sports,Low
23CS1217,Ishita,E,23cs1217@rns.com,Anil Chaudhary,Female,0,0.525,0.8367346939,0.2222222222,0.5256673511,1,0.76,Arts,Medium
23CS1218,Amrita,F,23cs1218@rns.com,Debolina Roy,Male,1,0.45,0.6734693878,0,0.3059548255,0.8510638298,0.7,None,Low
23CS1219,Harshal,A,23cs1219@rns.com,Srushti Kulkarni,Female,0,0.595,0.4285714286,0.3333333333,0.2772073922,0.8085106383,0.64,Arts,Medium
23CS1220,Amrita,B,23cs1220@rns.com,Priya Gupta,Female,0.6666666667,0.675,0.306122449,0.2222222222,0.2587268994,1,0.78,None,Medium
23CS1221,Ojas,C,23cs1221@rns.com,Bhagat Raj,Male,0.6666666667,0.035,0.306122449,0.2222222222,0.2895277207,0.4893617021,0.74,Arts,Low
23CS1222,Indira,D,23cs1222@rns.com,Tisca Chopra ,Male,1,0.605,0.612244898,0.3333333333,0,0.4468085106,0.72,Sports,Medium
23CS1223,Ojas,E,23cs1223@rns.com,Subramanian,Male,0,0.7,0.3469387755,0.1111111111,0.3716632444,0.8936170213,1,Sports,Medium
23CS1224,Gulab,F,23cs1224@rns.com,G.Kempegowda ,Female,0.3333333333,0.355,0.9387755102,0,0.4271047228,1,1,Volunteer,Low
23CS1225,Umesh,A,23cs1225@rns.com,Vetrivel,Male,0,0.32,0.8775510204,0.5555555556,0.1232032854,0.7021276596,0.38,None,Low
23CS1226,Hemal,B,23cs1226@rns.com,Rajesh Sharma ,Male,0.6666666667,0.92,0.2448979592,0.2222222222,0.04517453799,0.8085106383,0.62,Sports,High
23CS1227,Vandana,C,23cs1227@rns.com,Anil Chaudhary,Female,0.6666666667,0.99,0.9387755102,0.3333333333,0.2936344969,0.9361702128,0.44,None,High
23CS1228,Ragini,D,23cs1228@rns.com,Debolina Roy,Nonbinary,0,0.165,0.9387755102,0.1111111111,0.2854209446,1,0.8,STEM Club,Low
23CS1229,Vasundhara,E,23cs1229@rns.com,Srushti Kulkarni,Female,0,0.685,0.612244898,0.4444444444,0.0841889117,0.829787234,0.58,None,Medium
23CS1230,Chitra,F,23cs1230@rns.com,Priya Gupta,Female,0.6666666667,0.495,0.8775510204,0.2222222222,0.546201232,1,1,Sports,Low
23CS1231,Fazal,A,23cs1231@rns.com,Bhagat Raj,Male,0,0.88,0.8571428571,0.1111111111,0.1848049281,1,0.58,Sports,High
23CS1232,Gulzar,B,23cs1232@rns.com,Tisca Chopra ,Male,0.3333333333,0.325,0.693877551,0.2222222222,0.1765913758,0.08510638298,0.82,Volunteer,Low
23CS1233,Hitesh,C,23cs1233@rns.com,Subramanian,Female,0.3333333333,0.755,0.693877551,0.2222222222,0.3141683778,0.7234042553,0.44,Arts,High
23CS1234,Chitra,D,23cs1234@rns.com,G.Kempegowda ,Female,0.3333333333,0.675,0.8775510204,0.3333333333,0.0205338809,0.6382978723,0.82,None,Medium
23CS1235,Rohan,E,23cs1235@rns.com,Vetrivel,Male,0.3333333333,0.105,0.2040816327,0.1111111111,0.08624229979,0.7659574468,0.76,STEM Club,Low
23CS1236,Jeevan,F,23cs1236@rns.com,Rajesh Sharma ,Male,1,0.6,0.9795918367,0.2222222222,0.3880903491,0.8723404255,0.84,Volunteer,Medium
23CS1237,Gitanjali,A,23cs1237@rns.com,Anil Chaudhary,Male,1,0.735,0.8163265306,0.1111111111,0.6509240246,1,1,None,Medium
23CS1238,Trilok,B,23cs1238@rns.com,Debolina Roy,Female,1,0.195,0.9795918367,0.1111111111,0.5564681725,1,1,Sports,Low
23CS1239,Chandni,C,23cs1239@rns.com,Srushti Kulkarni,Female,0,0.66,1,0.3333333333,0.3080082136,1,1,Sports,Medium
23CS1240,Trilok,D,23cs1240@rns.com,Priya Gupta,Male,0.6666666667,0.015,0.9591836735,0,0.2238193018,0.8723404255,1,None,Low
23CS1241,Eesha,E,23cs1241@rns.com,Bhagat Raj,Male,0,0.625,0.8367346939,0.2222222222,0.2073921971,1,0.84,STEM Club,Medium
23CS1242,Meghna,F,23cs1242@rns.com,Tisca Chopra ,Male,0.3333333333,0.32,0.8571428571,0,0.3819301848,1,1,None,Low
23CS1243,Ananya,A,23cs1243@rns.com,Subramanian,Male,0.6666666667,0.715,0.5918367347,0,0.0205338809,0.4255319149,0.54,Volunteer,Medium
23CS1244,Trisha,B,23cs1244@rns.com,G.Kempegowda ,Male,0.3333333333,0.085,0.612244898,0,0.5154004107,0.8936170213,1,Arts,Low
23CS1245,Lalitha,C,23cs1245@rns.com,Vetrivel,Male,0.6666666667,0.37,0.693877551,0.2222222222,0.1149897331,0.3617021277,0.72,Volunteer,Low
23CS1246,Nirmala,D,23cs1246@rns.com,Rajesh Sharma ,Male,1,0.535,0.4285714286,0.4444444444,0.09445585216,0.5531914894,0.52,Sports,Medium
23CS1247,Mohan,E,23cs1247@rns.com,Anil Chaudhary,Male,0,0.3,0.8571428571,0,0.3552361396,1,1,Arts,Low
23CS1248,Brijesh,F,23cs1248@rns.com,Debolina Roy,Male,0,0.955,0.08163265306,0.3333333333,0.4147843943,0.7446808511,0.68,Sports,High
23CS1249,Elina,A,23cs1249@rns.com,Srushti Kulkarni,Male,1,0.485,0.08163265306,0.2222222222,0.6611909651,1,1,Sports,Low
23CS1250,Pooja,B,23cs1250@rns.com,Priya Gupta,Male,1,0.76,0.387755102,0.3333333333,0.2340862423,0.4468085106,0.32,Volunteer,High
23CS1251,Falguni,C,23cs1251@rns.com,Bhagat Raj,Female,0,0.32,0.612244898,0.2222222222,0.2197125257,0.6595744681,0.72,Volunteer,Low
23CS1252,Taraksh,D,23cs1252@rns.com,Tisca Chopra ,Female,1,0.305,0.1224489796,0.2222222222,0.3490759754,0.8085106383,0.76,Sports,Low
23CS1253,Ila,E,23cs1253@rns.com,Subramanian,Female,0.3333333333,0.91,0.5714285714,0,0.5482546201,1,1,Sports,High
23CS1254,Bhanu,F,23cs1254@rns.com,G.Kempegowda ,Male,0,0.175,0.7551020408,0.2222222222,0.4579055441,0.5744680851,1,Sports,Low
23CS1255,Tejas,A,23cs1255@rns.com,Vetrivel,Female,0,0.755,0.4693877551,0,0.6303901437,1,0.88,STEM Club,High
23CS1256,Abhay,B,23cs1256@rns.com,Rajesh Sharma ,Male,1,0.385,0.5714285714,0,0.6899383984,1,0.82,Volunteer,Low
23CS1257,Basanti,C,23cs1257@rns.com,Anil Chaudhary,Female,0.3333333333,0.155,0.8979591837,0.3333333333,0.4887063655,0.7234042553,0.82,Sports,Low
23CS1258,Priya,D,23cs1258@rns.com,Debolina Roy,Male,0.6666666667,0.42,0.7551020408,0,0.3839835729,0.7234042553,0.84,Sports,Low
23CS1259,Nivedh,E,23cs1259@rns.com,Srushti Kulkarni,Male,0,0.185,0.5918367347,0.1111111111,0.2525667351,0.4468085106,0.3,None,Low
23CS1260,Namrata,F,23cs1260@rns.com,Priya Gupta,Male,0.6666666667,0.135,0.7959183673,0.2222222222,0.1683778234,0.9574468085,0.64,Sports,Low
23CS1261,Ranjana,A,23cs1261@rns.com,Bhagat Raj,Female,0.3333333333,0.88,0.6326530612,0.3333333333,0.0205338809,0.5106382979,0.76,None,High
23CS1262,Chandrika,B,23cs1262@rns.com,Tisca Chopra ,Male,0.3333333333,0.36,0.9183673469,0.6666666667,0.2587268994,1,0.76,Arts,Low
23CS1263,Anup,C,23cs1263@rns.com,Subramanian,Male,1,0.995,0.6734693878,0.2222222222,0.5379876797,1,0.92,None,High
23CS1264,Waliullah,D,23cs1264@rns.com,G.Kempegowda ,Nonbinary,0,0.33,0.1224489796,0.3333333333,0.4024640657,1,1,STEM Club,Low
23CS1265,Trisha,E,23cs1265@rns.com,Vetrivel,Male,0,0.06,0.693877551,0,0.4620123203,0.8723404255,1,STEM Club,Low
23CS1266,Feroza,F,23cs1266@rns.com,Rajesh Sharma ,Male,1,0.655,0.8571428571,0,0.5112936345,0.8723404255,1,Arts,Medium
23CS1267,Tanya,A,23cs1267@rns.com,Anil Chaudhary,Female,0.3333333333,0.82,0.5102040816,0.3333333333,0.4147843943,1,1,Volunteer,High
23CS1268,Prakash,B,23cs1268@rns.com,Debolina Roy,Male,0.3333333333,0.575,0.8571428571,0,0.295687885,0.6382978723,0.44,Arts,Medium
23CS1269,Chand,C,23cs1269@rns.com,Srushti Kulkarni,Female,0.3333333333,0.925,0.3469387755,0.1111111111,0.2792607803,1,1,Sports,High
23CS1270,Pranav,D,23cs1270@rns.com,Priya Gupta,Male,1,0.985,0.5102040816,0.3333333333,0.2587268994,0.6170212766,0.54,Arts,High
23CS1271,Namratha,E,23cs1271@rns.com,Bhagat Raj,Male,1,0.61,0.4081632653,0,0.1683778234,0.5531914894,0.86,Sports,Medium
23CS1272,Vinod,F,23cs1272@rns.com,Tisca Chopra ,Female,0.3333333333,0.185,0.6530612245,0.1111111111,0.5030800821,1,0.84,Volunteer,Low
23CS1273,Neelam,A,23cs1273@rns.com,Subramanian,Female,1,0.63,0.8163265306,0.3333333333,0.1930184805,0.5744680851,0.74,STEM Club,Medium
23CS1274,Bhavesh,B,23cs1274@rns.com,G.Kempegowda ,Male,0.6666666667,0.355,0.4489795918,0.2222222222,0.07802874743,0.3191489362,0.46,None,Low
23CS1275,Mahesh,C,23cs1275@rns.com,Vetrivel,Male,0.3333333333,0.895,0.9591836735,0.2222222222,0.2422997947,0.6382978723,0.68,Arts,High
23CS1276,Anjali,D,23cs1276@rns.com,Rajesh Sharma ,Female,1,0.265,0.7959183673,0,0.4887063655,1,0.74,Arts,Low
23CS1277,Pankaj,E,23cs1277@rns.com,Anil Chaudhary,Female,0,0.35,0.4489795918,0.2222222222,0.06570841889,0.7659574468,1,STEM Club,Low
23CS1278,Sharvani,F,23cs1278@rns.com,Debolina Roy,Female,1,0.565,0.9387755102,0.1111111111,0.5277207392,1,0.8,STEM Club,Medium
23CS1279,Komal,A,23cs1279@rns.com,Srushti Kulkarni,Nonbinary,0.3333333333,0.365,0.7142857143,0.1111111111,0.2340862423,0.7234042553,1,Volunteer,Low
23CS1280,Pavitra,B,23cs1280@rns.com,Priya Gupta,Male,1,0.81,0.6530612245,0.2222222222,0.3819301848,0.7659574468,0.92,Arts,High
23CS1281,Nisha,C,23cs1281@rns.com,Bhagat Raj,Male,1,0.29,0.08163265306,0.1111111111,0.5338809035,1,1,Arts,Low
23CS1282,Tanvi,D,23cs1282@rns.com,Tisca Chopra ,Male,0.6666666667,0.045,0.693877551,0.4444444444,0.3901437372,1,0.54,None,Low
23CS1283,Pallavi,E,23cs1283@rns.com,Subramanian,Female,0,0.915,0.7755102041,0,0.2546201232,0.7872340426,1,STEM Club,High
23CS1284,Zainab,F,23cs1284@rns.com,G.Kempegowda ,Female,0,0.175,0.2448979592,0.2222222222,0.5995893224,1,1,Sports,Low
23CS1285,Manorama,A,23cs1285@rns.com,Vetrivel,Female,0.3333333333,0.46,0.3265306122,0.1111111111,0.4455852156,1,1,STEM Club,Low
23CS1286,Pranitha,B,23cs1286@rns.com,Rajesh Sharma ,Male,0.6666666667,0.09,0.5714285714,0,0.4845995893,1,0.98,Arts,Low
23CS1287,Laxmi,C,23cs1287@rns.com,Anil Chaudhary,Male,0.3333333333,0.655,0.7142857143,0.3333333333,0.2464065708,0.8510638298,0.68,Volunteer,Medium
23CS1288,Bina,D,23cs1288@rns.com,Debolina Roy,Male,0.6666666667,0.26,0.9591836735,0.2222222222,0.3839835729,0.8723404255,0.82,Arts,Low
23CS1289,Nitin,E,23cs1289@rns.com,Srushti Kulkarni,Female,0.6666666667,0.745,0.693877551,0.2222222222,0.6488706366,1,0.76,Volunteer,Medium
23CS1290,Bhavesh,F,23cs1290@rns.com,Priya Gupta,Female,0.3333333333,0.99,1,0.1111111111,0.3141683778,0.7446808511,0.4,None,High
23CS1291,Urmil,A,23cs1291@rns.com,Bhagat Raj,Female,0.6666666667,0.225,0.8367346939,0,0.431211499,0.3617021277,0.7,Arts,Low
23CS1292,Rajeev,B,23cs1292@rns.com,Tisca Chopra ,Female,1,0.295,0.6326530612,0.4444444444,0.6940451745,0.9787234043,1,Sports,Low
23CS1293,Farida,C,23cs1293@rns.com,Subramanian,Male,0.6666666667,0.04,0.8163265306,0.1111111111,0.3819301848,0.914893617,0.78,None,Low
23CS1294,Nikhil,D,23cs1294@rns.com,G.Kempegowda ,Male,0.6666666667,0.795,0.7346938776,0.3333333333,0.3696098563,0.8936170213,0.7,Sports,High
23CS1295,Tanya,E,23cs1295@rns.com,Vetrivel,Female,1,0.965,0.7755102041,0.3333333333,0.5770020534,0.9361702128,0.94,Volunteer,High
23CS1296,Keshav,F,23cs1296@rns.com,Rajesh Sharma ,Female,0,0.73,0.5306122449,0.4444444444,0.3819301848,0.8723404255,1,None,Medium
23CS1297,Kalyani,A,23cs1297@rns.com,Anil Chaudhary,Male,0.6666666667,0.54,0.9795918367,0,0.2094455852,1,0.72,STEM Club,Medium
23CS1298,Waliullah,B,23cs1298@rns.com,Debolina Roy,Female,0,0.02,0.8367346939,0.3333333333,0.2628336756,0.914893617,0.14,Sports,Low
23CS1299,Lalitha,C,23cs1299@rns.com,Srushti Kulkarni,Female,0.3333333333,0.065,0.2857142857,0.3333333333,0.2484599589,0.9574468085,0.38,Arts,Low
23CS1300,Kumud,D,23cs1300@rns.com,Priya Gupta,Female,0.6666666667,0.435,0.6734693878,0.2222222222,0.5523613963,0.9574468085,0.76,STEM Club,Low
23CS1301,Nutan,E,23cs1301@rns.com,Bhagat Raj,Female,1,0.56,0.3673469388,0.1111111111,0.2587268994,0.8936170213,1,STEM Club,Medium
23CS1302,Pavitra,F,23cs1302@rns.com,Tisca Chopra ,Male,0.3333333333,0.35,0.8775510204,0.2222222222,0.1909650924,0.4042553191,0.22,STEM Club,Low
23CS1303,Kavitha,A,23cs1303@rns.com,Subramanian,Female,0.3333333333,0.85,0.8163265306,0.2222222222,0.4045174538,1,0.98,Sports,High
23CS1304,Rameshwar,B,23cs1304@rns.com,G.Kempegowda ,Male,0.3333333333,0.29,0.6326530612,0,0.4887063655,0.6808510638,1,Arts,Low
23CS1305,Sachin,C,23cs1305@rns.com,Vetrivel,Male,0.3333333333,0.15,0.7142857143,0.2222222222,0.6016427105,1,1,None,Low
23CS1306,Kunal,D,23cs1306@rns.com,Rajesh Sharma ,Male,0.3333333333,0.205,0.612244898,0.4444444444,0.4435318275,1,0.88,Volunteer,Low
23CS1307,Neha,E,23cs1307@rns.com,Anil Chaudhary,Female,0.3333333333,0.85,0.5918367347,0.4444444444,0.5318275154,0.8085106383,0.9,STEM Club,High
23CS1308,Yashoda,F,23cs1308@rns.com,Debolina Roy,Nonbinary,0.6666666667,0.445,0.5102040816,0.2222222222,0.5112936345,1,1,STEM Club,Low
23CS1309,Prakash,A,23cs1309@rns.com,Srushti Kulkarni,Female,0.3333333333,0.045,0.8979591837,0.2222222222,0.3018480493,0.8510638298,1,None,Low
23CS1310,Veena,B,23cs1310@rns.com,Priya Gupta,Male,0.6666666667,0.055,0.2653061224,0.1111111111,0.3696098563,1,0.74,Sports,Low
23CS1311,Chandramani,C,23cs1311@rns.com,Bhagat Raj,Male,0,0.03,0.9387755102,0.1111111111,0.2895277207,0.8085106383,0.58,None,Low
23CS1312,Vishnu,D,23cs1312@rns.com,Tisca Chopra ,Female,0.3333333333,0.48,0.7142857143,0.2222222222,0.6242299795,1,1,Sports,Low
23CS1313,Tejas,E,23cs1313@rns.com,Subramanian,Female,0,0.12,0.7551020408,0.5555555556,0.5770020534,0.914893617,0.92,Sports,Low
23CS1314,Rituparna,F,23cs1314@rns.com,G.Kempegowda ,Nonbinary,1,0.55,1,0.5555555556,0.09856262834,0.2978723404,0.5,Arts,Medium
23CS1315,Pankaj,A,23cs1315@rns.com,Vetrivel,Female,0.3333333333,0.87,0.5306122449,0.2222222222,0.3305954825,0.7872340426,0.32,None,High
23CS1316,Aditi,B,23cs1316@rns.com,Rajesh Sharma ,Male,0.3333333333,0.44,0.4285714286,0.2222222222,0.6016427105,0.8723404255,0.88,None,Low
23CS1317,Sanjana,C,23cs1317@rns.com,Anil Chaudhary,Female,0.3333333333,0.63,1,0.1111111111,0.9445585216,1,1,None,Medium
23CS1318,Ojaswini,D,23cs1318@rns.com,Debolina Roy,Female,0.6666666667,0.9,0.8163265306,0.3333333333,0.476386037,0.914893617,0.82,Sports,High
23CS1319,Nikhil,E,23cs1319@rns.com,Srushti Kulkarni,Male,0,0.605,0.9795918367,0.1111111111,0.3593429158,1,0.94,Sports,Medium
23CS1320,Vijay,F,23cs1320@rns.com,Priya Gupta,Female,0.3333333333,0.86,0.612244898,0.1111111111,0.2156057495,0.8723404255,0.66,Arts,High
23CS1321,Uday,A,23cs1321@rns.com,Bhagat Raj,Female,0.6666666667,0.915,0.3265306122,0,0.4045174538,0.7872340426,1,None,High
23CS1322,Waris,B,23cs1322@rns.com,Tisca Chopra ,Female,1,0.265,0.2653061224,0.2222222222,0,0.5744680851,0.68,Sports,Low
23CS1323,Dharam,C,23cs1323@rns.com,Subramanian,Male,0.3333333333,0.01,0.9795918367,0.1111111111,0.5605749487,1,0.92,Volunteer,Low
23CS1324,Basanti,D,23cs1324@rns.com,G.Kempegowda ,Nonbinary,1,0.865,0.8367346939,0.1111111111,0.2156057495,0.6170212766,1,Sports,High
23CS1325,Indira,E,23cs1325@rns.com,Vetrivel,Female,0,0.23,0.387755102,0.3333333333,0.2094455852,1,0.74,Sports,Low
23CS1326,Kanta,F,23cs1326@rns.com,Rajesh Sharma ,Male,0.3333333333,0.765,0.612244898,0.1111111111,0.3696098563,1,0.98,STEM Club,High
23CS1327,Waman,A,23cs1327@rns.com,Anil Chaudhary,Female,0.3333333333,0.495,0.5714285714,0.2222222222,0.5215605749,0.7234042553,1,None,Low
23CS1328,Gulzar,B,23cs1328@rns.com,Debolina Roy,Male,1,0.115,0.3673469388,0.1111111111,0.1724845996,0.6808510638,0.74,None,Low
23CS1329,Ramesh,C,23cs1329@rns.com,Srushti Kulkarni,Female,1,0.54,0.7551020408,0.1111111111,0.2669404517,0.6170212766,0.8,STEM Club,Medium
23CS1330,Eshita,D,23cs1330@rns.com,Priya Gupta,Male,0.3333333333,0.385,0.2040816327,0,0.3696098563,0.9361702128,0.74,Volunteer,Low
23CS1331,Ovi,E,23cs1331@rns.com,Bhagat Raj,Female,0,0.28,0.5918367347,0.3333333333,0.3511293634,1,0.3,Volunteer,Low
23CS1332,Shalini,F,23cs1332@rns.com,Tisca Chopra ,Male,1,0.475,0.387755102,0.2222222222,0.6858316222,0.7234042553,1,Volunteer,Low
23CS1333,Qamar,A,23cs1333@rns.com,Subramanian,Male,1,0.91,0.6326530612,0.2222222222,0.40862423,0.6170212766,0.92,Sports,High
23CS1334,Kavitha,B,23cs1334@rns.com,G.Kempegowda ,Female,1,0.98,0.2040816327,0.4444444444,0.4250513347,0.8510638298,0.82,Volunteer,High
23CS1335,Laxman,C,23cs1335@rns.com,Vetrivel,Male,0,0.545,0.2448979592,0.4444444444,0.1437371663,0.8510638298,0.94,Volunteer,Medium
23CS1336,Kavya,D,23cs1336@rns.com,Rajesh Sharma ,Female,1,0.27,0.8571428571,0,0.2320328542,1,0.68,Volunteer,Low
23CS1337,Hemant,E,23cs1337@rns.com,Anil Chaudhary,Female,0.6666666667,0.14,0.9183673469,0.2222222222,0.6509240246,1,1,Volunteer,Low
23CS1338,Padmini,F,23cs1338@rns.com,Debolina Roy,Female,0.3333333333,0.79,0.1428571429,0.3333333333,0.3839835729,0.6595744681,0.96,Arts,High
23CS1339,Pankaj,A,23cs1339@rns.com,Srushti Kulkarni,Male,0,0.205,0.7755102041,0.4444444444,0.5133470226,0.914893617,0.9,Volunteer,Low
23CS1340,Aditi,B,23cs1340@rns.com,Priya Gupta,Male,0,0.57,0.9387755102,0.3333333333,0.5523613963,1,0.92,Sports,Medium
23CS1341,Rajeev,C,23cs1341@rns.com,Bhagat Raj,Male,0,0.835,0.5714285714,0.4444444444,0.04517453799,0.5531914894,0.52,Arts,High
23CS1342,Rahul,D,23cs1342@rns.com,Tisca Chopra ,Female,0.6666666667,0.05,0.7755102041,0.4444444444,0.4209445585,1,0.82,Volunteer,Low
23CS1343,Anupama,E,23cs1343@rns.com,Subramanian,Male,0,0.04,0.9795918367,0.2222222222,0.5112936345,0.8723404255,0.82,Sports,Low
23CS1344,Om,F,23cs1344@rns.com,G.Kempegowda ,Male,0.6666666667,0.07,0.7551020408,0.4444444444,0.4271047228,0.7659574468,0.9,None,Low
23CS1345,Zubin,A,23cs1345@rns.com,Vetrivel,Nonbinary,0.3333333333,0.055,0.8775510204,0,0.386036961,1,0.86,None,Low
23CS1346,Neelam,B,23cs1346@rns.com,Rajesh Sharma ,Male,1,0.78,0.8775510204,0.1111111111,0.135523614,0.7659574468,0.7,None,High
23CS1347,Ashwin,C,23cs1347@rns.com,Anil Chaudhary,Female,0.3333333333,0.385,0.9795918367,0.2222222222,0.4435318275,0.2765957447,0.52,Sports,Low
23CS1348,Kunal,D,23cs1348@rns.com,Debolina Roy,Female,0.3333333333,0.08,0.9591836735,0.5555555556,0.3203285421,0.7234042553,0.76,Sports,Low
23CS1349,Nivedita,E,23cs1349@rns.com,Srushti Kulkarni,Female,0.6666666667,0.88,0.8163265306,0.3333333333,0.6427104723,0.829787234,1,Sports,High
23CS1350,Jaya,F,23cs1350@rns.com,Priya Gupta,Female,0,0.305,0.9183673469,0.1111111111,0.2320328542,1,0.78,Sports,Low
23CS1351,Bina,A,23cs1351@rns.com,Bhagat Raj,Female,1,0.455,0.3265306122,0.3333333333,0.2156057495,1,1,Sports,Low
23CS1352,Pranati,B,23cs1352@rns.com,Tisca Chopra ,Male,0.3333333333,0.7,0.9795918367,0.2222222222,0.59137577,1,0.96,None,Medium
23CS1353,Rituparna,C,23cs1353@rns.com,Subramanian,Male,1,0.115,0.1836734694,0.2222222222,0.4435318275,1,0.8,None,Low
23CS1354,Uday,D,23cs1354@rns.com,G.Kempegowda ,Female,1,0.89,0.5306122449,0,0.5071868583,1,1,Arts,High
23CS1355,Waris,E,23cs1355@rns.com,Vetrivel,Male,0.3333333333,0.76,0.5510204082,0.3333333333,0.05544147844,0.7872340426,0.72,Sports,High
23CS1356,Anirudh,F,23cs1356@rns.com,Rajesh Sharma ,Male,0.6666666667,0.285,0.8979591837,0.3333333333,0.1273100616,0.7446808511,0.54,Volunteer,Low
23CS1357,Leelavati,A,23cs1357@rns.com,Anil Chaudhary,Male,0.3333333333,0.32,0.4897959184,0.2222222222,0.4661190965,1,0.98,Volunteer,Low
23CS1358,Sharanya,B,23cs1358@rns.com,Debolina Roy,Female,0,0.74,1,0.2222222222,0.02669404517,0.3617021277,0.8,Arts,Medium
23CS1359,Kavya,C,23cs1359@rns.com,Srushti Kulkarni,Male,0,0.67,0.7755102041,0.1111111111,0.7227926078,1,1,Sports,Medium
23CS1360,Chandrika,D,23cs1360@rns.com,Priya Gupta,Male,1,0.335,0.612244898,0,0.4640657084,0.7659574468,0.88,None,Low
23CS1361,Trisha,E,23cs1361@rns.com,Bhagat Raj,Male,0.6666666667,0.085,0.2244897959,0.2222222222,0.2772073922,0.7446808511,0.44,STEM Club,Low
23CS1362,Yashika,F,23cs1362@rns.com,Tisca Chopra ,Nonbinary,1,0.58,0.5918367347,0.2222222222,0.08008213552,0.5319148936,0.5,Arts,Medium
23CS1363,Anirudh,A,23cs1363@rns.com,Subramanian,Male,0.3333333333,0.395,0.8979591837,0.2222222222,0.3347022587,0.7872340426,0.82,None,Low
23CS1364,Chandramani,B,23cs1364@rns.com,G.Kempegowda ,Male,0,0.32,0.7346938776,0.4444444444,0.7022587269,0.8723404255,0.86,Sports,Low
23CS1365,Nutan,C,23cs1365@rns.com,Vetrivel,Female,1,0.145,0.3265306122,0,0.3531827515,0.829787234,0.5,None,Low
23CS1366,Veena,D,23cs1366@rns.com,Rajesh Sharma ,Male,0.3333333333,0.36,0.4489795918,0.2222222222,0.2874743326,0.7872340426,0.54,None,Low
23CS1367,Isha,E,23cs1367@rns.com,Anil Chaudhary,Male,1,0.09,0.4489795918,0.3333333333,0.2135523614,0.6382978723,0.54,Sports,Low
23CS1368,Trisha,F,23cs1368@rns.com,Debolina Roy,Female,0,0.14,0.8571428571,0.1111111111,0.1498973306,0.6382978723,0.92,STEM Club,Low
23CS1369,Lakshya,A,23cs1369@rns.com,Srushti Kulkarni,Male,1,0.595,0.8571428571,0.2222222222,0.5482546201,0.9574468085,1,None,Medium
23CS1370,Ananya,B,23cs1370@rns.com,Priya Gupta,Male,0.3333333333,0.87,0.9387755102,0.4444444444,0.180698152,0.9787234043,0.78,Arts,High
23CS1371,Ajeet,C,23cs1371@rns.com,Bhagat Raj,Female,1,0.815,0.8775510204,0.5555555556,0.2874743326,0.6170212766,0.78,Volunteer,High
23CS1372,Hemant,D,23cs1372@rns.com,Tisca Chopra ,Male,1,0.73,0.5306122449,0.1111111111,0.1991786448,0.914893617,0.54,Arts,Medium
23CS1373,Ashwin,E,23cs1373@rns.com,Subramanian,Female,0.3333333333,0.915,0.6326530612,0.1111111111,0.2484599589,0.5319148936,0.28,STEM Club,High
23CS1374,Rachit,F,23cs1374@rns.com,G.Kempegowda ,Female,0.3333333333,0.66,0.5918367347,0.3333333333,0.1190965092,0.4255319149,0.64,Sports,Medium
23CS1375,Arvind,A,23cs1375@rns.com,Vetrivel,Female,0.3333333333,0.29,0.7346938776,0.3333333333,0.2854209446,0.7446808511,0.72,STEM Club,Low
23CS1376,Tanuja,B,23cs1376@rns.com,Rajesh Sharma ,Female,1,0.785,0.4897959184,0.3333333333,0,0.6170212766,0.36,Arts,High
23CS1377,Bhanu,C,23cs1377@rns.com,Anil Chaudhary,Male,0.3333333333,0.945,0.9795918367,0,0.5544147844,0.8085106383,0.48,Volunteer,High
23CS1378,Jaswant,D,23cs1378@rns.com,Debolina Roy,Female,0,0.21,0.693877551,0.1111111111,0.3593429158,0.6382978723,0.6,STEM Club,Low
23CS1379,Dinesh,E,23cs1379@rns.com,Srushti Kulkarni,Female,0,0.235,0.5102040816,0.3333333333,0.180698152,1,0.5,Arts,Low
23CS1380,Rameshwar,F,23cs1380@rns.com,Priya Gupta,Male,0,0.71,0.5510204082,0.1111111111,0.158110883,0.7659574468,0.8,Volunteer,Medium
23CS1381,Satyam,A,23cs1381@rns.com,Bhagat Raj,Male,0.3333333333,0.255,0.2857142857,0,0.340862423,0.7446808511,1,None,Low
23CS1382,Shabnam,B,23cs1382@rns.com,Tisca Chopra ,Male,0.3333333333,0.25,0.9183673469,0,0.318275154,1,0.52,Arts,Low
23CS1383,Meghna,C,23cs1383@rns.com,Subramanian,Female,0,0.175,0.8163265306,0.1111111111,0.2258726899,1,0.68,Volunteer,Low
23CS1384,Bina,D,23cs1384@rns.com,G.Kempegowda ,Male,0.6666666667,0.625,0.4693877551,0.1111111111,0.4907597536,1,0.84,Sports,Medium
23CS1385,Ojas,E,23cs1385@rns.com,Vetrivel,Male,0,0.615,0.9387755102,0.6666666667,0.6016427105,0.7021276596,0.94,Sports,Medium
23CS1386,Dharam,F,23cs1386@rns.com,Rajesh Sharma ,Male,0.3333333333,0.055,0.5510204082,0.3333333333,0.4065708419,0.7872340426,1,Sports,Low
23CS1387,Eesha,A,23cs1387@rns.com,Anil Chaudhary,Male,0,0.165,0.7346938776,0,0.3511293634,0.8085106383,0.98,None,Low
23CS1388,Diya,B,23cs1388@rns.com,Debolina Roy,Female,1,0.83,0.6734693878,0.1111111111,0.3880903491,1,0.82,Arts,High
23CS1389,Tanu,C,23cs1389@rns.com,Srushti Kulkarni,Female,0,0.34,0.4489795918,0.1111111111,0.2854209446,0.7872340426,0.72,Sports,Low
23CS1390,Faiyaz,D,23cs1390@rns.com,Priya Gupta,Male,0.6666666667,0.61,1,0.3333333333,0.3737166324,0.6170212766,0.8,None,Medium
23CS1391,Nandan,E,23cs1391@rns.com,Bhagat Raj,Male,0,0.795,0.3265306122,0.1111111111,0.4188911704,0.5319148936,0.52,Sports,High
23CS1392,Zulekha,F,23cs1392@rns.com,Tisca Chopra ,Male,0.3333333333,0.985,0.5306122449,0.1111111111,0.5708418891,1,0.86,Sports,High
23CS1393,Sharvani,A,23cs1393@rns.com,Subramanian,Female,1,0.395,0.9387755102,0.2222222222,0.4414784394,0.5319148936,0.64,STEM Club,Low
23CS1394,Yashika,B,23cs1394@rns.com,G.Kempegowda ,Female,0.6666666667,0.97,0.8571428571,0.2222222222,0.476386037,1,0.84,Arts,High
23CS1395,Gulab,C,23cs1395@rns.com,Vetrivel,Female,0.3333333333,0.295,0.8571428571,0.2222222222,0.4661190965,0.9787234043,0.9,STEM Club,Low
23CS1396,Nitin,D,23cs1396@rns.com,Rajesh Sharma ,Female,0.6666666667,0.33,0.693877551,0.4444444444,0.3244353183,0.8085106383,0.9,None,Low
23CS1397,Vikrant,E,23cs1397@rns.com,Anil Chaudhary,Female,1,0.995,0.9183673469,0.6666666667,0.3367556468,1,1,None,High
23CS1398,Keshav,F,23cs1398@rns.com,Debolina Roy,Male,0,0.495,0.9591836735,0.4444444444,0.4620123203,0.5531914894,1,STEM Club,Low
23CS1399,Ishaan,A,23cs1399@rns.com,Srushti Kulkarni,Female,1,0.23,0.6326530612,0.2222222222,0.3819301848,0.8936170213,0.64,STEM Club,Low
23CS1400,Ranjana,B,23cs1400@rns.com,Priya Gupta,Female,0.3333333333,0.305,0.8571428571,0.3333333333,0.4455852156,1,0.64,Volunteer,Low
23CS1401,Kalyan,C,23cs1401@rns.com,Bhagat Raj,Male,0.3333333333,0.415,0.8775510204,0.1111111111,0.2936344969,0.914893617,0.62,Sports,Low
23CS1402,Falguni,D,23cs1402@rns.com,Tisca Chopra ,Female,0.3333333333,0.235,0.2857142857,0.2222222222,0.2525667351,1,0.56,Sports,Low
23CS1403,Harshal,E,23cs1403@rns.com,Subramanian,Female,1,0.55,0.3673469388,0.1111111111,0.4579055441,0.7234042553,1,Arts,Medium
23CS1404,Farida,F,23cs1404@rns.com,G.Kempegowda ,Female,1,0.345,0.9795918367,0.2222222222,0.02464065708,0.4680851064,0.52,STEM Club,Low
23CS1405,Chandni,A,23cs1405@rns.com,Vetrivel,Nonbinary,1,0.285,0.387755102,0.5555555556,0.05133470226,0.5531914894,0.38,None,Low
23CS1406,Radhika,B,23cs1406@rns.com,Rajesh Sharma ,Female,0,0.6,0.1632653061,0,0.160164271,0.5957446809,0.32,None,Medium
23CS1407,Ojas,C,23cs1407@rns.com,Anil Chaudhary,Male,0.6666666667,0.235,0.7959183673,0.3333333333,0.3921971253,0.7234042553,1,None,Low
23CS1408,Laxman,D,23cs1408@rns.com,Debolina Roy,Male,0,0.07,0.8367346939,0.2222222222,0.07392197125,0.7872340426,1,None,Low
23CS1409,Ananya,E,23cs1409@rns.com,Srushti Kulkarni,Male,0,0.555,0.9591836735,0.4444444444,0.2176591376,0.5957446809,0.8,Volunteer,Medium
23CS1410,Jaya,F,23cs1410@rns.com,Priya Gupta,Male,1,0.25,0.4081632653,0.4444444444,0.1868583162,0.6382978723,0.44,None,Low
23CS1411,Yogita,A,23cs1411@rns.com,Bhagat Raj,Female,0,0.835,0.3265306122,0.2222222222,1,1,1,None,High
23CS1412,Bhavesh,B,23cs1412@rns.com,Tisca Chopra ,Male,0,0.6,0.9795918367,0.3333333333,0.3593429158,1,0.9,Sports,Medium
23CS1413,Chand,C,23cs1413@rns.com,Subramanian,Male,0,0.65,0.9795918367,0.1111111111,0.5133470226,0.9787234043,0.82,Volunteer,Medium
23CS1414,Urmil,D,23cs1414@rns.com,G.Kempegowda ,Female,0,0.32,0.8571428571,0,0.3572895277,0.7872340426,0.94,Sports,Low
23CS1415,Uday,E,23cs1415@rns.com,Vetrivel,Male,1,0.62,0.5714285714,0.5555555556,0.2854209446,0.3829787234,0.54,Sports,Medium
23CS1416,Devansh,F,23cs1416@rns.com,Rajesh Sharma ,Male,0,0.75,0.3265306122,0.1111111111,0.2176591376,1,0.72,STEM Club,High
23CS1417,Eshita,A,23cs1417@rns.com,Anil Chaudhary,Male,0.3333333333,0.95,0.2857142857,0.1111111111,0.4045174538,0.7234042553,0.84,Sports,High
23CS1418,Saanvi,B,23cs1418@rns.com,Debolina Roy,Male,0.3333333333,0.24,0.1632653061,0.2222222222,0.6899383984,1,0.68,Volunteer,Low
23CS1419,Chandramani,C,23cs1419@rns.com,Srushti Kulkarni,Male,0.3333333333,0.785,0.693877551,0.4444444444,0.4394250513,0.8936170213,0.92,None,High
23CS1420,Akhila,D,23cs1420@rns.com,Priya Gupta,Male,1,0.44,0.9183673469,0.2222222222,0.3819301848,1,1,Sports,Low
23CS1421,Tarak,E,23cs1421@rns.com,Bhagat Raj,Female,1,0.06,0.9795918367,0.6666666667,0.363449692,1,1,None,Low
23CS1422,Radhika,F,23cs1422@rns.com,Tisca Chopra ,Female,0,0.85,0.612244898,0.2222222222,0.3819301848,0.7021276596,0.72,Arts,High
23CS1423,Akhila,A,23cs1423@rns.com,Subramanian,Male,0.6666666667,0.42,0.7755102041,0,0.05544147844,0.7872340426,0.36,None,Low
23CS1424,Jaswant,B,23cs1424@rns.com,G.Kempegowda ,Female,1,0.18,0.7755102041,0.2222222222,0.2997946612,0.9574468085,0.8,Sports,Low
23CS1425,Meghna,C,23cs1425@rns.com,Vetrivel,Female,0,0.625,0.2857142857,0,0.3901437372,0.5531914894,0.42,Volunteer,Medium
23CS1426,Lalit,D,23cs1426@rns.com,Rajesh Sharma ,Female,1,0.06,0.7959183673,0.1111111111,0.476386037,0.829787234,1,None,Low
23CS1427,Jaya,E,23cs1427@rns.com,Anil Chaudhary,Female,0,0.52,0.9183673469,0.1111111111,0.18275154,0.7872340426,1,None,Medium
23CS1428,Uday,F,23cs1428@rns.com,Debolina Roy,Female,0,0.26,0.8571428571,0.1111111111,0.3305954825,0.7659574468,0.56,Sports,Low
23CS1429,Kiran,A,23cs1429@rns.com,Srushti Kulkarni,Nonbinary,0.6666666667,0.675,0.7551020408,0.1111111111,0.3039014374,0.8085106383,0.6,None,Medium
23CS1430,Neelam,B,23cs1430@rns.com,Priya Gupta,Female,0.6666666667,0.94,0.5510204082,0.3333333333,0.6201232033,1,0.96,Volunteer,High
23CS1431,Ila,C,23cs1431@rns.com,Bhagat Raj,Female,0.6666666667,0.42,0.9183673469,0.4444444444,0.4353182752,1,1,STEM Club,Low
23CS1432,Prakash,D,23cs1432@rns.com,Tisca Chopra ,Female,0.6666666667,0.13,0.7755102041,0.2222222222,0.06981519507,0.5531914894,0.68,Arts,Low
23CS1433,Harsha,E,23cs1433@rns.com,Subramanian,Female,0,0.46,0.2244897959,0.3333333333,0.6098562628,1,1,Volunteer,Low
23CS1434,Deepa,F,23cs1434@rns.com,G.Kempegowda ,Female,0,0.08,0.7551020408,0.2222222222,0.2997946612,0.4680851064,0.54,Volunteer,Low
23CS1435,Vishnu,A,23cs1435@rns.com,Vetrivel,Female,0.6666666667,0.325,0.4897959184,0.1111111111,0.3675564682,1,1,STEM Club,Low
23CS1436,Vikrant,B,23cs1436@rns.com,Rajesh Sharma ,Female,1,0.665,0.5918367347,0.3333333333,0.2094455852,0.4042553191,0.68,Sports,Medium
23CS1437,Aisha,C,23cs1437@rns.com,Anil Chaudhary,Male,1,0.965,0.8571428571,0.1111111111,0.4620123203,1,0.84,Arts,High
23CS1438,Shweta,D,23cs1438@rns.com,Debolina Roy,Female,0.6666666667,0.98,0.2857142857,0.1111111111,0.3326488706,0.9574468085,0.94,STEM Club,High
23CS1439,Hemal,E,23cs1439@rns.com,Srushti Kulkarni,Female,0,0.605,0.4489795918,0.3333333333,0.6940451745,1,1,None,Medium
23CS1440,Maitreyi,F,23cs1440@rns.com,Priya Gupta,Female,0.3333333333,0.96,0.5102040816,0.1111111111,0.3080082136,0.8510638298,0.6,None,High
23CS1441,Bhargavi,A,23cs1441@rns.com,Bhagat Raj,Male,1,0.955,0.6734693878,0.1111111111,0.3901437372,0.8723404255,1,Sports,High
23CS1442,Pooja,B,23cs1442@rns.com,Tisca Chopra ,Male,1,0.455,0.9183673469,0.2222222222,0.295687885,1,0.58,None,Low
23CS1443,Indira,C,23cs1443@rns.com,Subramanian,Male,0.3333333333,0.605,0.4081632653,0,0.2114989733,1,0.4,Sports,Medium
23CS1444,Yashoda,D,23cs1444@rns.com,G.Kempegowda ,Female,0.3333333333,0.975,0.7551020408,0.1111111111,0.2238193018,1,0.84,Arts,High
23CS1445,Anirban,E,23cs1445@rns.com,Vetrivel,Female,0.6666666667,0.375,0.5714285714,0.6666666667,0.158110883,1,0.76,None,Low
23CS1446,Ekta,F,23cs1446@rns.com,Rajesh Sharma ,Male,0.3333333333,0.33,0.6326530612,0.3333333333,0.1909650924,0.7021276596,0.2,Arts,Low
23CS1447,Gitanjali,A,23cs1447@rns.com,Anil Chaudhary,Female,0.3333333333,0.51,0.1836734694,0.2222222222,0.3963039014,1,1,Sports,Medium
23CS1448,Tarak,B,23cs1448@rns.com,Debolina Roy,Male,0.6666666667,0.645,0.5306122449,0.1111111111,0.3839835729,0.9787234043,0.78,STEM Club,Medium
23CS1449,Malini,C,23cs1449@rns.com,Srushti Kulkarni,Male,0,0.635,0.9387755102,0.2222222222,0.2833675565,0.5531914894,0.68,Sports,Medium
23CS1450,Indira,D,23cs1450@rns.com,Priya Gupta,Female,1,0.255,0.8163265306,0,0.4004106776,0.2765957447,1,Volunteer,Low
23CS1451,Chitra,E,23cs1451@rns.com,Bhagat Raj,Female,1,0.7,0.8367346939,0.2222222222,0.6324435318,1,0.78,Sports,Medium
23CS1452,Anjali,F,23cs1452@rns.com,Tisca Chopra ,Female,0,0.855,0.9183673469,0.1111111111,0.2607802875,0.7659574468,0.7,None,High
23CS1453,Kalyani,A,23cs1453@rns.com,Subramanian,Male,0.6666666667,0.875,0.1632653061,0.1111111111,0.3347022587,0.7446808511,0.58,Sports,High
23CS1454,Dharitri,B,23cs1454@rns.com,G.Kempegowda ,Female,0.3333333333,0.975,0.3265306122,0.2222222222,0.3326488706,0.5531914894,1,Arts,High
23CS1455,Zarina,C,23cs1455@rns.com,Vetrivel,Nonbinary,0.3333333333,0.665,0.2653061224,0.1111111111,0.59137577,1,0.94,None,Medium
23CS1456,Rohan,D,23cs1456@rns.com,Rajesh Sharma ,Female,0,0.555,0.7755102041,0.5555555556,0.08624229979,0.4893617021,0.72,Sports,Medium
23CS1457,Chinmay,E,23cs1457@rns.com,Anil Chaudhary,Female,1,0.925,0.6530612245,0.2222222222,0.3490759754,0.9361702128,0.98,Sports,High
23CS1458,Zulekha,F,23cs1458@rns.com,Debolina Roy,Female,1,0.305,0.8571428571,0.1111111111,0.2669404517,0.8510638298,1,STEM Club,Low
23CS1459,Yogesh,A,23cs1459@rns.com,Srushti Kulkarni,Female,0.6666666667,0.265,0.4285714286,0.1111111111,0.3059548255,1,0.66,Sports,Low
23CS1460,Himanshi,B,23cs1460@rns.com,Priya Gupta,Male,1,0.18,0.3265306122,0.2222222222,0.4579055441,1,1,STEM Club,Low
23CS1461,Ananya,C,23cs1461@rns.com,Bhagat Raj,Female,0,0.035,0.9591836735,0.1111111111,0.2299794661,1,0.94,STEM Club,Low
23CS1462,Lakshya,D,23cs1462@rns.com,Tisca Chopra ,Male,0.6666666667,0.99,0.7142857143,0.4444444444,0.3572895277,0.8085106383,1,Volunteer,High
23CS1463,Ujjwal,E,23cs1463@rns.com,Subramanian,Female,1,0.47,0.6530612245,0.7777777778,0.3264887064,0.8085106383,0.62,STEM Club,Low
23CS1464,Nandan,F,23cs1464@rns.com,G.Kempegowda ,Female,1,0.76,0.9591836735,0.2222222222,0.3490759754,1,1,None,High
23CS1465,Eklavya,A,23cs1465@rns.com,Vetrivel,Male,0.6666666667,0.875,0.9183673469,0.4444444444,0.3613963039,1,0.76,STEM Club,High
23CS1466,Urmila,B,23cs1466@rns.com,Rajesh Sharma ,Female,0.6666666667,0.645,0.9387755102,0.2222222222,0.09856262834,0.7446808511,0.62,None,Medium
23CS1467,Rachit,C,23cs1467@rns.com,Anil Chaudhary,Male,0,0.365,0.5102040816,0.1111111111,0.08008213552,0.3829787234,0.7,None,Low
23CS1468,Ayush,D,23cs1468@rns.com,Debolina Roy,Female,0.6666666667,0.485,0.1428571429,0.1111111111,0.4168377823,1,0.92,None,Low
23CS1469,Chaitanya,E,23cs1469@rns.com,Srushti Kulkarni,Female,0.3333333333,0.5,0.9387755102,0.4444444444,0.6714579055,1,0.94,Arts,Medium
23CS1470,Zohra,F,23cs1470@rns.com,Priya Gupta,Female,1,0.37,0.9387755102,0.2222222222,0.2854209446,0.7234042553,0.86,Sports,Low
23CS1471,Saraswati,A,23cs1471@rns.com,Bhagat Raj,Male,0,0.305,0.5510204082,0.2222222222,0.5811088296,0.829787234,1,Volunteer,Low
23CS1472,Rakesh,B,23cs1472@rns.com,Tisca Chopra ,Male,0.6666666667,0.74,0.0612244898,0,0.1457905544,1,0.78,None,Medium
23CS1473,Ravindra,C,23cs1473@rns.com,Subramanian,Female,0,0.165,0.3673469388,0,0.501026694,0.9361702128,0.94,Sports,Low
23CS1474,Gulshan,D,23cs1474@rns.com,G.Kempegowda ,Male,0.6666666667,0.96,0.9387755102,0.1111111111,0.1334702259,0.4255319149,0.72,None,High
23CS1475,Zeenat,E,23cs1475@rns.com,Vetrivel,Male,1,0.55,0.7959183673,0.3333333333,0.5359342916,0.8723404255,1,None,Medium
23CS1476,Upasana,F,23cs1476@rns.com,Rajesh Sharma ,Female,0.6666666667,0.54,0.7346938776,0.2222222222,0,0.5106382979,0.6,None,Medium
23CS1477,Tejas,A,23cs1477@rns.com,Anil Chaudhary,Male,0.6666666667,0.95,0.7142857143,0.3333333333,0.6632443532,1,1,Sports,High
23CS1478,Ananya,B,23cs1478@rns.com,Debolina Roy,Female,0,0.195,0.7551020408,0.1111111111,0.4825462012,0.7872340426,0.78,None,Low
23CS1479,Kavitha,C,23cs1479@rns.com,Srushti Kulkarni,Female,1,0.7,0.4285714286,0.2222222222,0,0.829787234,0.58,None,Medium
23CS1480,Vandana,D,23cs1480@rns.com,Priya Gupta,Male,0,0.785,0.8163265306,0.2222222222,0.02874743326,0.4468085106,0.16,STEM Club,High
23CS1481,Saira,E,23cs1481@rns.com,Bhagat Raj,Female,0.6666666667,0.1,0.5102040816,0.3333333333,0.1375770021,0.4893617021,0.62,STEM Club,Low
23CS1482,Meghna,F,23cs1482@rns.com,Tisca Chopra ,Male,0,0.51,0.3469387755,0.1111111111,0.1396303901,0.8510638298,1,None,Medium
23CS1483,Lalit,A,23cs1483@rns.com,Subramanian,Female,0.3333333333,0.42,0.8367346939,0.2222222222,0.1868583162,0.2553191489,0.74,Volunteer,Low
23CS1484,Parvati,B,23cs1484@rns.com,G.Kempegowda ,Female,1,0.92,0.612244898,0.4444444444,0.6221765914,1,0.8,None,High
23CS1485,Wali,C,23cs1485@rns.com,Vetrivel,Male,0,0.9,0.8775510204,0.3333333333,0.5585215606,0.7872340426,0.86,None,High
23CS1486,Vishakha,D,23cs1486@rns.com,Rajesh Sharma ,Female,0.3333333333,0.19,0.8979591837,0.1111111111,0.6714579055,0.9787234043,1,STEM Club,Low
23CS1487,Darshan,E,23cs1487@rns.com,Anil Chaudhary,Female,1,0.78,0.8571428571,0,0,0.8085106383,0.4,STEM Club,High
23CS1488,Nikhita,F,23cs1488@rns.com,Debolina Roy,Female,1,0.515,0.6530612245,0.5555555556,0.160164271,1,0.92,STEM Club,Medium
23CS1489,Tanya,A,23cs1489@rns.com,Srushti Kulkarni,Male,0.3333333333,0.645,0.8979591837,0.1111111111,0.318275154,0.7446808511,0.64,Arts,Medium
23CS1490,Madhukar,B,23cs1490@rns.com,Priya Gupta,Female,1,0.22,0.306122449,0.2222222222,0.5811088296,1,1,Arts,Low
23CS1491,Anirban,C,23cs1491@rns.com,Bhagat Raj,Female,0,0.545,0.8571428571,0.1111111111,0.5359342916,1,0.96,None,Medium
23CS1492,Vibha,D,23cs1492@rns.com,Tisca Chopra ,Female,0.6666666667,0.63,0.7755102041,0.3333333333,0.158110883,0.5957446809,0.76,None,Medium
23CS1493,Anjali,E,23cs1493@rns.com,Subramanian,Male,0.3333333333,0.005,0.8571428571,0.3333333333,0.3511293634,0.9787234043,1,Sports,Low
23CS1494,Kavitha,F,23cs1494@rns.com,G.Kempegowda ,Female,0,0.21,0.4693877551,0.3333333333,0.2546201232,1,0.66,STEM Club,Low
23CS1495,Lakshya,A,23cs1495@rns.com,Vetrivel,Male,0.3333333333,0.39,0.8775510204,0.4444444444,0.6201232033,0.6595744681,0.8,Sports,Low
23CS1496,Neelam,B,23cs1496@rns.com,Rajesh Sharma ,Female,1,0.185,0.9795918367,0.1111111111,0.5174537988,0.6595744681,0.68,Arts,Low
23CS1497,Asha,C,23cs1497@rns.com,Anil Chaudhary,Male,0,0.68,0.4489795918,0.2222222222,0.318275154,0.8510638298,0.6,None,Medium
23CS1498,Tarak,D,23cs1498@rns.com,Debolina Roy,Female,0,0.125,0.5102040816,0.3333333333,0.1437371663,0.8510638298,0.7,None,Low
23CS1499,Tanveer,E,23cs1499@rns.com,Srushti Kulkarni,Female,0,0.75,0.8979591837,0.1111111111,0.01848049281,1,0.66,None,High
23CS1500,Ravina,F,23cs1500@rns.com,Priya Gupta,Female,0.3333333333,0.115,0.7551020408,0.5555555556,0.568788501,1,0.9,Arts,Low
23CS1501,Ranjan,A,23cs1501@rns.com,Bhagat Raj,Female,1,0.665,0.8163265306,0.1111111111,0.2997946612,0.829787234,0.68,Volunteer,Medium
23CS1502,Tanya,B,23cs1502@rns.com,Tisca Chopra ,Male,0.3333333333,0.105,0.2448979592,0.1111111111,0.5215605749,1,1,Arts,Low
23CS1503,Sundar,C,23cs1503@rns.com,Subramanian,Female,1,0.63,0.6530612245,0.2222222222,0.4928131417,1,1,None,Medium
23CS1504,Neha,D,23cs1504@rns.com,G.Kempegowda ,Male,1,0.815,0.9183673469,0.1111111111,0.4517453799,0.8085106383,1,Sports,High
23CS1505,Hema,E,23cs1505@rns.com,Vetrivel,Male,0.3333333333,0.02,0.5918367347,0.3333333333,0.6036960986,1,0.88,None,Low
23CS1506,Prithvi,F,23cs1506@rns.com,Rajesh Sharma ,Female,0.3333333333,0.23,0.9795918367,0.8888888889,0.6488706366,0.8723404255,0.92,None,Low
23CS1507,Lokesh,A,23cs1507@rns.com,Anil Chaudhary,Female,0.6666666667,0.095,0.2653061224,0.1111111111,0.1930184805,1,0.62,None,Low
23CS1508,Aarti,B,23cs1508@rns.com,Debolina Roy,Male,0.3333333333,0.27,0.9591836735,0,0.4250513347,1,1,Volunteer,Low
23CS1509,Vishnu,C,23cs1509@rns.com,Srushti Kulkarni,Male,0,0.125,0.5918367347,0,0.5420944559,1,1,None,Low
23CS1510,Urmil,D,23cs1510@rns.com,Priya Gupta,Female,1,0.045,0.2857142857,0.3333333333,0.3839835729,0.8510638298,1,None,Low
23CS1511,Ovi,E,23cs1511@rns.com,Bhagat Raj,Male,0,0.655,0.612244898,0.2222222222,0.4661190965,0.4468085106,0.72,Volunteer,Medium
23CS1512,Bhanu,F,23cs1512@rns.com,Tisca Chopra ,Female,0,0.255,0.5510204082,0.6666666667,0.3264887064,1,0.98,Arts,Low
23CS1513,Imran,A,23cs1513@rns.com,Subramanian,Female,1,0.9,0.5102040816,0,0.5112936345,0.9361702128,0.48,Arts,High
23CS1514,Radhika,B,23cs1514@rns.com,G.Kempegowda ,Male,0,0.515,0.8571428571,0.1111111111,0,0.914893617,0.46,Sports,Medium
23CS1515,Omisha,C,23cs1515@rns.com,Vetrivel,Female,0.6666666667,0.04,0.2653061224,0.2222222222,0.2936344969,0.3829787234,0.88,Sports,Low
23CS1516,Yamini,D,23cs1516@rns.com,Rajesh Sharma ,Male,0,0.22,0.5306122449,0.3333333333,0.4394250513,0.9361702128,0.86,Volunteer,Low
23CS1517,Gulzar,E,23cs1517@rns.com,Anil Chaudhary,Male,0.3333333333,0.33,0.9387755102,0.2222222222,0.2381930185,0.6595744681,0.4,Arts,Low
23CS1518,Ayush,F,23cs1518@rns.com,Debolina Roy,Female,0,0.335,0.9591836735,0.2222222222,0.1950718686,0.3191489362,0.68,None,Low
23CS1519,Ashok,A,23cs1519@rns.com,Srushti Kulkarni,Female,1,0.955,0.8163265306,0.2222222222,0.6221765914,0.8510638298,0.92,None,High
23CS1520,Aisha,B,23cs1520@rns.com,Priya Gupta,Female,1,0.735,0.9183673469,0.1111111111,0.3531827515,0.3404255319,1,Sports,Medium
23CS1521,Girish,C,23cs1521@rns.com,Bhagat Raj,Male,0,0.89,0.9387755102,0.1111111111,0.2320328542,0.8936170213,0.58,Sports,High
23CS1522,Lingaraj,D,23cs1522@rns.com,Tisca Chopra ,Male,0,0.69,0.8775510204,0,0.2114989733,0.829787234,1,None,Medium
23CS1523,Meenal,E,23cs1523@rns.com,Subramanian,Male,0.3333333333,0.72,0.9387755102,0.5555555556,0.4414784394,0.7021276596,0.48,Arts,Medium
23CS1524,Yamini,F,23cs1524@rns.com,G.Kempegowda ,Female,0,0.03,0.1836734694,0.2222222222,0.4435318275,0.829787234,1,Arts,Low
23CS1525,Jatin,A,23cs1525@rns.com,Vetrivel,Female,1,0.25,0.9387755102,0.2222222222,0.250513347,0.7872340426,0.76,Volunteer,Low
23CS1526,Namita,B,23cs1526@rns.com,Rajesh Sharma ,Male,0.6666666667,0.145,0.7142857143,0.2222222222,0.3798767967,1,0.74,None,Low
23CS1527,Bhanu,C,23cs1527@rns.com,Anil Chaudhary,Female,1,0.535,0.6530612245,0.5555555556,0.1971252567,0.7872340426,0.64,Sports,Medium
23CS1528,Leelavati,D,23cs1528@rns.com,Debolina Roy,Female,0.3333333333,0.55,0.4897959184,0.2222222222,0.09856262834,1,1,Volunteer,Medium
23CS1529,Tanveer,E,23cs1529@rns.com,Srushti Kulkarni,Female,0.3333333333,0.57,0.9183673469,0.1111111111,0.4250513347,1,1,Arts,Medium
23CS1530,Pavitra,F,23cs1530@rns.com,Priya Gupta,Nonbinary,0.6666666667,0.805,0.8979591837,1,0.1683778234,0.7021276596,0.62,Sports,High
23CS1531,Nagma,A,23cs1531@rns.com,Bhagat Raj,Female,0,0.19,0.7959183673,0,0.1991786448,1,1,STEM Club,Low
23CS1532,Ujjwal,B,23cs1532@rns.com,Tisca Chopra ,Female,0.3333333333,0.615,0.2040816327,0,0.498973306,1,1,Arts,Medium
23CS1533,Kumari,C,23cs1533@rns.com,Subramanian,Female,0,0.47,0.9183673469,0,0.3367556468,0.6382978723,0.88,None,Low
23CS1534,Harish,D,23cs1534@rns.com,G.Kempegowda ,Female,1,0.81,0.612244898,0.3333333333,0.1314168378,0.5531914894,0.58,None,High
23CS1535,Varsha,E,23cs1535@rns.com,Vetrivel,Female,0.6666666667,0.68,0.9591836735,0.3333333333,0.5338809035,0.6595744681,1,Sports,Medium
23CS1536,Bhargavi,F,23cs1536@rns.com,Rajesh Sharma ,Male,1,0.83,0.8979591837,0.4444444444,0.1047227926,0.829787234,1,STEM Club,High
23CS1537,Poojani,A,23cs1537@rns.com,Anil Chaudhary,Male,0.3333333333,0.33,0.6734693878,0.3333333333,0.1663244353,0.6382978723,0.78,Arts,Low
23CS1538,Madhukar,B,23cs1538@rns.com,Debolina Roy,Female,0.3333333333,0.97,0.387755102,0.3333333333,0.1375770021,1,0.56,Sports,High
23CS1539,Dharitri,C,23cs1539@rns.com,Srushti Kulkarni,Male,0.6666666667,0.175,0.8775510204,0.6666666667,0.5852156057,1,0.84,Volunteer,Low
23CS1540,Shweta,D,23cs1540@rns.com,Priya Gupta,Female,0.3333333333,0.44,0.7142857143,0.3333333333,0.5174537988,1,1,STEM Club,Low
23CS1541,Zeenat,E,23cs1541@rns.com,Bhagat Raj,Female,1,0.205,0.7142857143,0.1111111111,0.6262833676,1,0.66,Arts,Low
23CS1542,Pranitha,F,23cs1542@rns.com,Tisca Chopra ,Male,0.3333333333,0.595,0.5510204082,0.2222222222,0.273100616,0.5531914894,0.82,STEM Club,Medium
23CS1543,Himanshi,A,23cs1543@rns.com,Subramanian,Male,0.6666666667,0.205,0.4489795918,0,0.3080082136,1,0.72,Arts,Low
23CS1544,Lata,B,23cs1544@rns.com,G.Kempegowda ,Female,0.6666666667,0.66,0.5714285714,0.4444444444,0.273100616,1,0.98,STEM Club,Medium
23CS1545,Isha,C,23cs1545@rns.com,Vetrivel,Male,0,0.155,0.7959183673,0.2222222222,0.1273100616,0.7021276596,0.82,STEM Club,Low
23CS1546,Suresh,D,23cs1546@rns.com,Rajesh Sharma ,Female,0.6666666667,0.68,0.1224489796,0.3333333333,0.7310061602,1,0.98,STEM Club,Medium
23CS1547,Ashok,E,23cs1547@rns.com,Anil Chaudhary,Male,1,0.635,0.3469387755,0.1111111111,0.1047227926,0.8085106383,0.6,None,Medium
23CS1548,Umesh,F,23cs1548@rns.com,Debolina Roy,Male,0,0.895,0.5102040816,0.2222222222,0.2381930185,0.4680851064,0.88,Sports,High
23CS1549,Zainab,A,23cs1549@rns.com,Srushti Kulkarni,Female,0.6666666667,0.04,0.2448979592,0.1111111111,0.3942505133,1,0.78,Sports,Low
23CS1550,Trilok,B,23cs1550@rns.com,Priya Gupta,Female,0,0.04,0.9183673469,0.4444444444,0.4209445585,1,0.88,Sports,Low
23CS1551,Pallavi,C,23cs1551@rns.com,Bhagat Raj,Male,0,0.375,0.4897959184,0.1111111111,0.3162217659,0.8723404255,0.96,Volunteer,Low
23CS1552,Aditya,D,23cs1552@rns.com,Tisca Chopra ,Female,1,0.935,0.1224489796,0.2222222222,0.6960985626,1,1,Sports,High
23CS1553,Neelam,E,23cs1553@rns.com,Subramanian,Male,0.3333333333,0.275,0.9387755102,0.2222222222,0.4209445585,0.8510638298,0.6,Sports,Low
23CS1554,Taraksh,F,23cs1554@rns.com,G.Kempegowda ,Female,1,0.555,0.6326530612,0,0.2094455852,0.6595744681,0.74,Arts,Medium
23CS1555,Nikhil,A,23cs1555@rns.com,Vetrivel,Male,0.6666666667,0.155,0.306122449,0,0.681724846,1,1,Sports,Low
23CS1556,Ishani,B,23cs1556@rns.com,Rajesh Sharma ,Female,0,0.34,0.9183673469,0,0.5585215606,1,0.8,Volunteer,Low
23CS1557,Ranjit,C,23cs1557@rns.com,Anil Chaudhary,Female,1,0.09,0.5102040816,0.3333333333,0.5030800821,0.9361702128,1,Volunteer,Low
23CS1558,Anjali,D,23cs1558@rns.com,Debolina Roy,Female,0,0.325,1,0,0.2156057495,0.6170212766,0.98,Arts,Low
23CS1559,Vandana,E,23cs1559@rns.com,Srushti Kulkarni,Female,0.6666666667,0.97,0.5918367347,0.1111111111,0.5708418891,1,1,STEM Club,High
23CS1560,Bharti,F,23cs1560@rns.com,Priya Gupta,Female,0.3333333333,0.735,0.4081632653,0.3333333333,0.4435318275,1,0.96,Sports,Medium
23CS1561,Chandramani,A,23cs1561@rns.com,Bhagat Raj,Male,1,0.02,0.7142857143,0.2222222222,0.5112936345,0.8510638298,0.96,None,Low
23CS1562,Deepthi,B,23cs1562@rns.com,Tisca Chopra ,Male,0,0.465,0.2653061224,0.2222222222,0.363449692,0.8510638298,0.66,None,Low
23CS1563,Gopal,C,23cs1563@rns.com,Subramanian,Male,0.6666666667,0.045,0.9795918367,0.4444444444,0.3901437372,1,0.98,Arts,Low
23CS1564,Ramesh,D,23cs1564@rns.com,G.Kempegowda ,Male,0.6666666667,0.245,0.7142857143,0.2222222222,0.2710472279,0.7234042553,0.72,None,Low
23CS1565,Bhavesh,E,23cs1565@rns.com,Vetrivel,Female,0.3333333333,0.375,0.9387755102,0.3333333333,0.318275154,1,0.5,None,Low
23CS1566,Ranjana,F,23cs1566@rns.com,Rajesh Sharma ,Female,1,0.24,0.6734693878,0.2222222222,0.3778234086,0.9574468085,0.82,None,Low
23CS1567,Bhargavi,A,23cs1567@rns.com,Anil Chaudhary,Nonbinary,1,0.055,0.9795918367,0,0.1991786448,0.914893617,0.94,None,Low
23CS1568,Shalini,B,23cs1568@rns.com,Debolina Roy,Male,0,0.07,0.693877551,0.2222222222,0.4250513347,0.7872340426,1,Volunteer,Low
23CS1569,Kiran,C,23cs1569@rns.com,Srushti Kulkarni,Male,0,0.255,0.6530612245,0,0.1868583162,0.7021276596,0.98,Volunteer,Low
23CS1570,Rahul,D,23cs1570@rns.com,Priya Gupta,Female,0.6666666667,0.37,0.4285714286,0.2222222222,0.4743326489,0.8510638298,1,Volunteer,Low
23CS1571,Dinesh,E,23cs1571@rns.com,Bhagat Raj,Female,0.6666666667,0.6,0.3673469388,0.5555555556,0.01437371663,0.5319148936,0.46,None,Medium
23CS1572,Hemant,F,23cs1572@rns.com,Tisca Chopra ,Female,0,0.93,0.5714285714,0.2222222222,0.3655030801,0.8936170213,1,None,High
23CS1573,Isha,A,23cs1573@rns.com,Subramanian,Female,0.6666666667,0.57,0.4897959184,0.2222222222,0.4681724846,1,0.88,Sports,Medium
23CS1574,Vishal,B,23cs1574@rns.com,G.Kempegowda ,Male,0,0.755,0.9795918367,0.2222222222,0.2525667351,0.3829787234,0.78,None,High
23CS1575,Vandita,C,23cs1575@rns.com,Vetrivel,Female,0.6666666667,0.54,0.6530612245,0,0.6735112936,1,0.92,STEM Club,Medium
23CS1576,Ekansh,D,23cs1576@rns.com,Rajesh Sharma ,Nonbinary,0.6666666667,0.35,0.6326530612,0.3333333333,0.1273100616,0.7872340426,0.8,Volunteer,Low
23CS1577,Taraksh,E,23cs1577@rns.com,Anil Chaudhary,Male,1,0.255,0.7959183673,0.3333333333,0.1765913758,0.4680851064,0.8,Volunteer,Low
23CS1578,Vandana,F,23cs1578@rns.com,Debolina Roy,Female,0.6666666667,0.315,0.9795918367,0.2222222222,0.1252566735,0.4893617021,0.7,Sports,Low
23CS1579,Ashwin,A,23cs1579@rns.com,Srushti Kulkarni,Nonbinary,1,0.92,0.7346938776,0.1111111111,0.7392197125,1,1,Sports,High
23CS1580,Waman,B,23cs1580@rns.com,Priya Gupta,Male,0.3333333333,0.77,0.04081632653,0,0.4209445585,1,1,None,High
23CS1581,Elina,C,23cs1581@rns.com,Bhagat Raj,Female,0.3333333333,0.445,0.3673469388,0.4444444444,0.5605749487,1,1,Volunteer,Low
23CS1582,Tanmay,D,23cs1582@rns.com,Tisca Chopra ,Female,0.6666666667,0.185,0.8775510204,0.1111111111,0.1663244353,0.8510638298,0.58,STEM Club,Low
23CS1583,Indu,E,23cs1583@rns.com,Subramanian,Male,1,0.54,0.6530612245,0.1111111111,0.1683778234,0.3191489362,1,None,Medium
23CS1584,Ritu,F,23cs1584@rns.com,G.Kempegowda ,Female,0.6666666667,0.87,0.8163265306,0.1111111111,0.3388090349,0.9361702128,0.84,STEM Club,High
23CS1585,Sanjay,A,23cs1585@rns.com,Vetrivel,Male,0,0.92,0.9591836735,0,0.4455852156,0.5531914894,0.9,STEM Club,High
23CS1586,Karthik,B,23cs1586@rns.com,Rajesh Sharma ,Female,0,0.46,0.4489795918,0.2222222222,0,0.2765957447,0.26,Volunteer,Low
23CS1587,Saanvi,C,23cs1587@rns.com,Anil Chaudhary,Female,0,0.225,0.5918367347,0.3333333333,0.5112936345,0.8723404255,0.9,Arts,Low
23CS1588,Lakshya,D,23cs1588@rns.com,Debolina Roy,Male,1,0.98,1,0.4444444444,0.3655030801,1,0.8,None,High
23CS1589,Om,E,23cs1589@rns.com,Srushti Kulkarni,Male,0.3333333333,0.665,0.4285714286,0.3333333333,0.3347022587,0.9361702128,1,Sports,Medium
23CS1590,Vikrant,F,23cs1590@rns.com,Priya Gupta,Male,0.6666666667,0.5,0.4081632653,0.1111111111,0.3552361396,0.6170212766,0.98,Volunteer,Medium
23CS1591,Siddharth,A,23cs1591@rns.com,Bhagat Raj,Female,0.3333333333,0.08,0.8163265306,0.1111111111,0.5051334702,1,0.86,None,Low
23CS1592,Trilok,B,23cs1592@rns.com,Tisca Chopra ,Female,0.6666666667,0.16,0.1020408163,0,0.05954825462,0.914893617,0.9,Sports,Low
23CS1593,Indira,C,23cs1593@rns.com,Subramanian,Female,0.6666666667,0.58,0.4693877551,0.3333333333,0.5195071869,1,1,None,Medium
23CS1594,Bhavesh,D,23cs1594@rns.com,G.Kempegowda ,Male,0,0.02,0.8775510204,0.3333333333,0.3305954825,0.5957446809,0.8,Arts,Low
23CS1595,Tanmay,E,23cs1595@rns.com,Vetrivel,Female,0,0.605,0.8775510204,0.3333333333,0.4722792608,0.6382978723,0.38,STEM Club,Medium
23CS1596,Omprakash,F,23cs1596@rns.com,Rajesh Sharma ,Female,1,0.225,1,0.2222222222,0.4353182752,1,1,Sports,Low
23CS1597,Bhavesh,A,23cs1597@rns.com,Anil Chaudhary,Male,0.6666666667,0.775,0.9591836735,0.2222222222,0.06981519507,0.7872340426,0.36,Sports,High
23CS1598,Yamini,B,23cs1598@rns.com,Debolina Roy,Female,0.3333333333,0.31,0.2857142857,0.1111111111,0.523613963,1,0.74,STEM Club,Low
23CS1599,Oviya,C,23cs1599@rns.com,Srushti Kulkarni,Male,1,0.785,0.6734693878,0.2222222222,0.4435318275,1,0.9,None,High
23CS1600,Waseem,D,23cs1600@rns.com,Priya Gupta,Female,1,0.075,0.9183673469,0.4444444444,0.5092402464,0.7234042553,0.86,None,Low
23CS1601,Dharitri,E,23cs1601@rns.com,Bhagat Raj,Female,0.3333333333,0.945,0.7142857143,0.5555555556,0.5318275154,1,0.88,Volunteer,High
23CS1602,Ramesh,F,23cs1602@rns.com,Tisca Chopra ,Male,0.3333333333,0.54,0.2653061224,0.4444444444,0.3244353183,0.8085106383,0.4,Volunteer,Medium
23CS1603,Ananya,A,23cs1603@rns.com,Subramanian,Female,0.3333333333,0.615,0.6326530612,0.2222222222,0.40862423,1,0.7,None,Medium
23CS1604,Kunal,B,23cs1604@rns.com,G.Kempegowda ,Female,0,0.735,0.4693877551,0,0.4435318275,1,1,Arts,Medium
23CS1605,Indira,C,23cs1605@rns.com,Vetrivel,Female,0.6666666667,0.475,0.4897959184,0.3333333333,0.3839835729,0.7446808511,0.36,Arts,Low
23CS1606,Rituparna,D,23cs1606@rns.com,Rajesh Sharma ,Female,0.6666666667,0.49,0.9795918367,0,0.3511293634,1,0.92,Volunteer,Low
23CS1607,Jagdish,E,23cs1607@rns.com,Anil Chaudhary,Female,1,0.475,0.5714285714,0,0.2073921971,0.4893617021,0.48,None,Low
23CS1608,Anup,F,23cs1608@rns.com,Debolina Roy,Female,1,0.845,0.4897959184,0.2222222222,0.3901437372,0.7234042553,0.78,Sports,High
23CS1609,Riya,A,23cs1609@rns.com,Srushti Kulkarni,Male,0.6666666667,0.825,0.3265306122,0.1111111111,0.3757700205,0.9361702128,0.6,None,High
23CS1610,Jeevan,B,23cs1610@rns.com,Priya Gupta,Male,0.6666666667,0.91,0.5510204082,0.2222222222,0.2381930185,0.7446808511,1,Arts,High
23CS1611,Damini,C,23cs1611@rns.com,Bhagat Raj,Male,0.3333333333,0.15,0.7142857143,0.1111111111,0.5995893224,1,0.96,Sports,Low
23CS1612,Urmila,D,23cs1612@rns.com,Tisca Chopra ,Male,1,0.69,0.8571428571,0.2222222222,0.2484599589,0.7446808511,0.78,Sports,Medium
23CS1613,Malini,E,23cs1613@rns.com,Subramanian,Female,0.6666666667,0.605,0.387755102,0.1111111111,0.2402464066,0.6808510638,0.58,Sports,Medium
23CS1614,Usha,F,23cs1614@rns.com,G.Kempegowda ,Female,0.3333333333,0.545,0.4081632653,0.1111111111,0.4209445585,1,0.76,Arts,Medium
23CS1615,Hemal,A,23cs1615@rns.com,Vetrivel,Female,0.6666666667,0.805,0.6734693878,0.3333333333,0.6344969199,0.7659574468,1,Volunteer,High
23CS1616,Pranati,B,23cs1616@rns.com,Rajesh Sharma ,Male,1,0.58,0.6734693878,0,0.5420944559,0.7446808511,0.8,STEM Club,Medium
23CS1617,Nagma,C,23cs1617@rns.com,Anil Chaudhary,Male,0,0.725,0.387755102,0.1111111111,0.4640657084,0.7872340426,1,None,Medium
23CS1618,Chitra,D,23cs1618@rns.com,Debolina Roy,Male,0.6666666667,0.92,0.4285714286,0.1111111111,0,0.8723404255,0.84,None,High
23CS1619,Pankaj,E,23cs1619@rns.com,Srushti Kulkarni,Female,0.3333333333,0.515,0.4285714286,0.1111111111,0.2936344969,0.7659574468,0.9,Arts,Medium
23CS1620,Jaya,F,23cs1620@rns.com,Priya Gupta,Female,0,0.98,0.6530612245,0,0.340862423,0.914893617,1,Volunteer,High
23CS1621,Ramesh,A,23cs1621@rns.com,Bhagat Raj,Male,0,0.37,0.8979591837,0.1111111111,0.5667351129,1,1,Sports,Low
23CS1622,Harshita,B,23cs1622@rns.com,Tisca Chopra ,Female,1,0.135,0.2040816327,0.3333333333,0.07802874743,0.4255319149,0.46,Sports,Low
23CS1623,Nisha,C,23cs1623@rns.com,Subramanian,Female,1,0.46,0.8367346939,0.3333333333,0,0.8723404255,0.52,Arts,Low
23CS1624,Irfan,D,23cs1624@rns.com,G.Kempegowda ,Male,0.6666666667,0.87,0.2857142857,0.1111111111,0.1149897331,0.4893617021,0.6,None,High
23CS1625,Aarav,E,23cs1625@rns.com,Vetrivel,Male,0.3333333333,0.485,0.4285714286,0,0.2012320329,0.7659574468,0.72,Arts,Low
23CS1626,Zarina,F,23cs1626@rns.com,Rajesh Sharma ,Male,0,0.405,0.9183673469,0.1111111111,0.3141683778,1,0.96,Arts,Low
23CS1627,Gokul,A,23cs1627@rns.com,Anil Chaudhary,Female,0.6666666667,0.625,0.693877551,0.7777777778,0.4825462012,1,1,None,Medium
23CS1628,Omkar,B,23cs1628@rns.com,Debolina Roy,Female,0,0.67,0.612244898,0,0.2977412731,1,0.86,Volunteer,Medium
23CS1629,Bina,C,23cs1629@rns.com,Srushti Kulkarni,Female,0.6666666667,0.74,0.5714285714,0.2222222222,0.3264887064,0.9787234043,0.8,Arts,Medium
23CS1630,Isha,D,23cs1630@rns.com,Priya Gupta,Female,0.3333333333,0.395,0.7142857143,0.2222222222,0.250513347,0.6595744681,0.88,Volunteer,Low
23CS1631,Amar,E,23cs1631@rns.com,Bhagat Raj,Female,1,0.515,0.693877551,0.6666666667,0,0.8085106383,0.56,Arts,Medium
23CS1632,Ovi,F,23cs1632@rns.com,Tisca Chopra ,Female,1,0.515,0.4081632653,0.2222222222,0.3121149897,0.8510638298,0.64,Volunteer,Medium
23CS1633,Gokul,A,23cs1633@rns.com,Subramanian,Male,0.6666666667,0.435,0.5714285714,0.1111111111,0.4804928131,1,0.96,Arts,Low
23CS1634,Zubeda,B,23cs1634@rns.com,G.Kempegowda ,Male,0,0.24,0.9591836735,0.4444444444,0.4661190965,0.7021276596,0.78,Arts,Low
23CS1635,Ravina,C,23cs1635@rns.com,Vetrivel,Male,0.3333333333,0.755,0.7959183673,0.3333333333,0.3880903491,0.8510638298,0.7,Volunteer,High
23CS1636,Bhavesh,D,23cs1636@rns.com,Rajesh Sharma ,Female,1,0.775,0.8979591837,0.2222222222,0.3716632444,0.9361702128,1,Volunteer,High
23CS1637,Jayant,E,23cs1637@rns.com,Anil Chaudhary,Male,0.6666666667,0.115,0.9183673469,0.2222222222,0.3203285421,0.8936170213,0.82,Volunteer,Low
23CS1638,Nirmala,F,23cs1638@rns.com,Debolina Roy,Male,0.3333333333,0.94,0.9183673469,0.2222222222,0.2751540041,0.3191489362,0.8,Sports,High
23CS1639,Abhay,A,23cs1639@rns.com,Srushti Kulkarni,Nonbinary,0.6666666667,0.915,0.5714285714,0.1111111111,0.3059548255,0.5744680851,0.52,Sports,High
23CS1640,Dharam,B,23cs1640@rns.com,Priya Gupta,Male,0,0.53,0.5918367347,0.1111111111,0.06570841889,0.829787234,0.52,Sports,Medium
23CS1641,Sachin,C,23cs1641@rns.com,Bhagat Raj,Male,0.6666666667,0.89,0.8775510204,0.2222222222,0.2669404517,0.7659574468,1,Sports,High
23CS1642,Leela,D,23cs1642@rns.com,Tisca Chopra ,Male,1,0.645,0.5510204082,0.3333333333,0,0.7659574468,0.82,STEM Club,Medium
23CS1643,Ishani,E,23cs1643@rns.com,Subramanian,Nonbinary,0,0.275,0.9795918367,0.1111111111,0.59137577,0.5957446809,1,Volunteer,Low
23CS1644,Waliullah,F,23cs1644@rns.com,G.Kempegowda ,Female,0.6666666667,0.115,0.1020408163,0.1111111111,0.006160164271,1,1,STEM Club,Low
23CS1645,Sharvani,A,23cs1645@rns.com,Vetrivel,Male,0,0.595,0.9591836735,0.2222222222,0.5975359343,0.9361702128,0.96,None,Medium
23CS1646,Dharitri,B,23cs1646@rns.com,Rajesh Sharma ,Male,0.3333333333,0.735,0.2244897959,0,0.4271047228,1,0.72,STEM Club,Medium
23CS1647,Saanvi,C,23cs1647@rns.com,Anil Chaudhary,Female,0,0.205,0.9387755102,0.2222222222,0.5030800821,1,1,None,Low
23CS1648,Suresh,D,23cs1648@rns.com,Debolina Roy,Male,0.3333333333,0.905,0.8163265306,0.1111111111,0.4907597536,1,0.7,STEM Club,High
23CS1649,Aisha,E,23cs1649@rns.com,Srushti Kulkarni,Female,0.6666666667,0.89,0.8163265306,0.2222222222,0.2299794661,0.2127659574,0.6,STEM Club,High
23CS1650,Tanu,F,23cs1650@rns.com,Priya Gupta,Male,0.6666666667,0.66,0.7551020408,0.3333333333,0.04928131417,0.7021276596,0.6,STEM Club,Medium
23CS1651,Arvind,A,23cs1651@rns.com,Bhagat Raj,Male,0.3333333333,0.29,0.6734693878,0.1111111111,0.4969199179,1,1,Sports,Low
23CS1652,Nagma,B,23cs1652@rns.com,Tisca Chopra ,Female,0.6666666667,0.4,0.7551020408,0.3333333333,0.3696098563,1,0.58,STEM Club,Low
23CS1653,Sundar,C,23cs1653@rns.com,Subramanian,Female,1,0.5,0.1224489796,0.3333333333,0.3819301848,1,0.76,Volunteer,Medium
23CS1654,Hemant,D,23cs1654@rns.com,G.Kempegowda ,Male,0.6666666667,0.135,0.1428571429,0.1111111111,0.09240246407,0.2340425532,0.34,Sports,Low
23CS1655,Hitesh,E,23cs1655@rns.com,Vetrivel,Female,0.6666666667,0.025,0.4081632653,0.2222222222,0.1889117043,0.4893617021,0.62,None,Low
23CS1656,Ravikiran,F,23cs1656@rns.com,Rajesh Sharma ,Male,0,0.83,0.4285714286,0.2222222222,0.2320328542,0.06382978723,0.48,None,High
23CS1657,Rachna,A,23cs1657@rns.com,Anil Chaudhary,Female,0.6666666667,0.435,0.7551020408,0.2222222222,0.5400410678,0.9361702128,1,Volunteer,Low
23CS1658,Zubin,B,23cs1658@rns.com,Debolina Roy,Male,1,0.745,0.8775510204,0.3333333333,0.3162217659,1,0.98,None,Medium
23CS1659,Lata,C,23cs1659@rns.com,Srushti Kulkarni,Female,0,0.105,0.9591836735,0.2222222222,0.158110883,0.5531914894,0.78,STEM Club,Low
23CS1660,Ila,D,23cs1660@rns.com,Priya Gupta,Male,0,0.85,1,0.5555555556,0.3901437372,0.9361702128,0.9,Arts,High
23CS1661,Pritam,E,23cs1661@rns.com,Bhagat Raj,Male,1,0.985,1,0.4444444444,0.2464065708,1,0.72,None,High
23CS1662,Zulekha,F,23cs1662@rns.com,Tisca Chopra ,Male,0.3333333333,0.88,0.5714285714,0.2222222222,0.3203285421,0.5744680851,1,None,High
23CS1663,Pranati,A,23cs1663@rns.com,Subramanian,Female,0.6666666667,0.94,0.8979591837,0.3333333333,0.5811088296,0.914893617,0.58,Sports,High
23CS1664,Tanmay,B,23cs1664@rns.com,G.Kempegowda ,Male,0,0.34,0.5918367347,0.3333333333,0.3305954825,1,0.96,Arts,Low
23CS1665,Triveni,C,23cs1665@rns.com,Vetrivel,Female,0.3333333333,0.775,0.1836734694,0.2222222222,0.2258726899,0.6382978723,1,None,High
23CS1666,Chitra,D,23cs1666@rns.com,Rajesh Sharma ,Female,1,0.815,1,0.2222222222,0.2915811088,0.7021276596,0.72,Arts,High
23CS1667,Jeevan,E,23cs1667@rns.com,Anil Chaudhary,Female,0.6666666667,0.94,0.9387755102,0.1111111111,0.386036961,1,0.84,Sports,High
23CS1668,Devendra,F,23cs1668@rns.com,Debolina Roy,Female,0.3333333333,0.915,0.8163265306,0.3333333333,0.3388090349,0.7021276596,0.9,Sports,High
23CS1669,Rajeev,A,23cs1669@rns.com,Srushti Kulkarni,Female,1,0.88,0.6734693878,0.2222222222,0,0.9574468085,0.6,Arts,High
23CS1670,Akhil,B,23cs1670@rns.com,Priya Gupta,Male,0.3333333333,0.78,0.4081632653,0.1111111111,0.04928131417,0.5744680851,0.68,STEM Club,High
23CS1671,Chandresh,C,23cs1671@rns.com,Bhagat Raj,Female,1,0.625,0.9387755102,0.5555555556,0.6899383984,1,1,None,Medium
23CS1672,Pankaj,D,23cs1672@rns.com,Tisca Chopra ,Female,0.3333333333,0.6,0.4897959184,0.2222222222,0.2114989733,0.8936170213,0.6,Arts,Medium
23CS1673,Qamar,E,23cs1673@rns.com,Subramanian,Male,0,0.375,0.9183673469,0.2222222222,0.1252566735,0.5744680851,0.72,Arts,Low
23CS1674,Yash,F,23cs1674@rns.com,G.Kempegowda ,Female,1,0.175,0.693877551,0.3333333333,0.1252566735,0.9787234043,0.58,STEM Club,Low
23CS1675,Hemant,A,23cs1675@rns.com,Vetrivel,Female,0.3333333333,0.345,0.2244897959,0.4444444444,0.2792607803,0.7446808511,0.82,None,Low
23CS1676,Pooja,B,23cs1676@rns.com,Rajesh Sharma ,Male,0.3333333333,0.97,0.7142857143,0.6666666667,0.3285420945,0.7446808511,0.94,Sports,High
23CS1677,Waris,C,23cs1677@rns.com,Anil Chaudhary,Male,0,0.085,0.8163265306,0.2222222222,0.3901437372,0.8723404255,0.62,Arts,Low
23CS1678,Basanti,D,23cs1678@rns.com,Debolina Roy,Nonbinary,0.6666666667,0.37,0.4489795918,0.4444444444,0.6303901437,1,0.98,None,Low
23CS1679,Fahim,E,23cs1679@rns.com,Srushti Kulkarni,Female,0.6666666667,0.525,0.7755102041,0.1111111111,0.2135523614,0.4042553191,0.74,Volunteer,Medium
23CS1680,Rituraj,F,23cs1680@rns.com,Priya Gupta,Female,0,0.24,0.9795918367,0.4444444444,0.2422997947,0.8510638298,0.68,None,Low
23CS1681,Chitra,A,23cs1681@rns.com,Bhagat Raj,Female,0.6666666667,0.665,0.387755102,0.3333333333,0.3901437372,0.7659574468,0.7,None,Medium
23CS1682,Ranjana,B,23cs1682@rns.com,Tisca Chopra ,Female,1,0.205,0.7551020408,0.2222222222,0.09034907598,1,0.92,Sports,Low
23CS1683,Ishwar,C,23cs1683@rns.com,Subramanian,Female,1,0.205,0.2653061224,0.1111111111,0.5174537988,1,0.86,None,Low
23CS1684,Eklavya,D,23cs1684@rns.com,G.Kempegowda ,Female,0.6666666667,0.98,0.9795918367,0.1111111111,0.2751540041,1,0.74,Arts,High
23CS1685,Oorja,E,23cs1685@rns.com,Vetrivel,Female,1,0.19,0.612244898,0.1111111111,0.3429158111,1,0.84,Volunteer,Low
23CS1686,Gulab,F,23cs1686@rns.com,Rajesh Sharma ,Female,0.6666666667,0.855,0.9795918367,0.5555555556,0.0841889117,0.1063829787,0.7,None,High
23CS1687,Tanuja,A,23cs1687@rns.com,Anil Chaudhary,Female,0,0.39,0.8775510204,0.1111111111,0.5564681725,1,0.96,Arts,Low
23CS1688,Kavya,B,23cs1688@rns.com,Debolina Roy,Female,0.3333333333,0.505,0.5510204082,0.4444444444,0.3696098563,0.9574468085,0.92,None,Medium
23CS1689,Fazal,C,23cs1689@rns.com,Srushti Kulkarni,Male,0.3333333333,0.725,0.9183673469,0.1111111111,0.4722792608,1,0.8,STEM Club,Medium
23CS1690,Indira,D,23cs1690@rns.com,Priya Gupta,Female,0.6666666667,0.73,1,0.1111111111,0.3490759754,1,0.6,Arts,Medium
23CS1691,Kamala,E,23cs1691@rns.com,Bhagat Raj,Male,1,0.305,0.5714285714,0.2222222222,0.2258726899,0.8085106383,0.54,STEM Club,Low
23CS1692,Rachit,F,23cs1692@rns.com,Tisca Chopra ,Male,1,0.625,0.2040816327,0.3333333333,0.2874743326,0.5744680851,0.92,STEM Club,Medium
23CS1693,Hemant,A,23cs1693@rns.com,Subramanian,Female,0.3333333333,0.115,0.7551020408,0.2222222222,0.2238193018,0.8723404255,1,Sports,Low
23CS1694,Kalyani,B,23cs1694@rns.com,G.Kempegowda ,Nonbinary,0.6666666667,0.985,0.3673469388,0,0.1560574949,1,0.82,None,High
23CS1695,Saanvi,C,23cs1695@rns.com,Vetrivel,Female,0,0.485,0.8163265306,0.4444444444,0.3470225873,0.7659574468,0.84,Volunteer,Low
23CS1696,Zainab,D,23cs1696@rns.com,Rajesh Sharma ,Male,0.6666666667,0.14,0.6734693878,0.3333333333,0.1006160164,0.4680851064,0.78,STEM Club,Low
23CS1697,Jagruti,E,23cs1697@rns.com,Anil Chaudhary,Female,1,0.415,0.9591836735,0.1111111111,0.7782340862,1,1,None,Low
23CS1698,Dharam,F,23cs1698@rns.com,Debolina Roy,Male,1,0.41,0.3673469388,0.2222222222,0.4455852156,1,1,Sports,Low
23CS1699,Asha,A,23cs1699@rns.com,Srushti Kulkarni,Nonbinary,1,0.805,0.8367346939,0.2222222222,0.5133470226,0.8723404255,0.64,Sports,High
23CS1700,Riya,B,23cs1700@rns.com,Priya Gupta,Female,0.6666666667,0.26,0.8163265306,0.4444444444,0.3203285421,0.7234042553,0.48,Volunteer,Low
23CS1701,Eklavya,C,23cs1701@rns.com,Bhagat Raj,Male,0,0.93,0.4285714286,0.2222222222,0.180698152,0.6170212766,0.38,Arts,High
23CS1702,Ojaswini,D,23cs1702@rns.com,Tisca Chopra ,Male,1,0.84,0.4489795918,0.3333333333,0.5051334702,1,1,Arts,High
23CS1703,Pranav,E,23cs1703@rns.com,Subramanian,Nonbinary,0.3333333333,0.23,0.693877551,0.3333333333,0.3203285421,1,0.64,Arts,Low
23CS1704,Omisha,F,23cs1704@rns.com,G.Kempegowda ,Male,1,0.255,0.7959183673,0.5555555556,0.3326488706,1,0.58,None,Low
23CS1705,Pooja,A,23cs1705@rns.com,Vetrivel,Male,1,0.75,0.8979591837,0.1111111111,0.06570841889,0.5744680851,0.8,Volunteer,High
23CS1706,Gopal,B,23cs1706@rns.com,Rajesh Sharma ,Female,1,0.64,0.9387755102,0.2222222222,0.3121149897,1,1,Arts,Medium
23CS1707,Leelavati,C,23cs1707@rns.com,Anil Chaudhary,Male,0.3333333333,0.15,0.306122449,0.1111111111,0.3921971253,0.8936170213,1,Volunteer,Low
23CS1708,Feroz,D,23cs1708@rns.com,Debolina Roy,Female,0.3333333333,0.75,0.6326530612,0,0.4004106776,1,0.84,Volunteer,High
23CS1709,Isha,E,23cs1709@rns.com,Srushti Kulkarni,Male,1,0.225,0.387755102,0.3333333333,0.1519507187,0.829787234,0.92,None,Low
23CS1710,Jaswant,F,23cs1710@rns.com,Priya Gupta,Nonbinary,0.3333333333,0.52,0.8571428571,0.3333333333,0.3080082136,0.7021276596,0.88,Arts,Medium
23CS1711,Waliullah,A,23cs1711@rns.com,Bhagat Raj,Female,0.3333333333,0.57,0.6734693878,0.2222222222,0.7207392197,1,1,Volunteer,Medium
23CS1712,Himanshi,B,23cs1712@rns.com,Tisca Chopra ,Male,1,0.54,0.7551020408,0.1111111111,0.1930184805,0.8510638298,1,Volunteer,Medium
23CS1713,Sanjay,C,23cs1713@rns.com,Subramanian,Female,0,0.365,0.4285714286,0.5555555556,0.09445585216,0.8723404255,0.84,Sports,Low
23CS1714,Radhika,D,23cs1714@rns.com,G.Kempegowda ,Male,0,0.695,0.5306122449,0.3333333333,0.3921971253,1,0.96,Volunteer,Medium
23CS1715,Rekha,E,23cs1715@rns.com,Vetrivel,Male,0.6666666667,0.275,0.4081632653,0,0.3655030801,1,0.9,None,Low
23CS1716,Aisha,F,23cs1716@rns.com,Rajesh Sharma ,Male,1,0.075,0.6734693878,0.1111111111,0.3059548255,0.9361702128,1,STEM Club,Low
23CS1717,Nagma,A,23cs1717@rns.com,Anil Chaudhary,Female,0.3333333333,0.575,0.7142857143,0.2222222222,0.5030800821,0.7446808511,0.58,Arts,Medium
23CS1718,Ayush,B,23cs1718@rns.com,Debolina Roy,Female,0.3333333333,0.31,0.7551020408,0.1111111111,0.3531827515,1,0.52,Volunteer,Low
23CS1719,Saira,C,23cs1719@rns.com,Srushti Kulkarni,Male,0.6666666667,0.49,0.8979591837,0.2222222222,0.4558521561,1,0.72,STEM Club,Low
23CS1720,Oviya,D,23cs1720@rns.com,Priya Gupta,Male,0,0.685,0.7346938776,0.1111111111,0.2792607803,0.829787234,0.6,None,Medium
23CS1721,Leela,E,23cs1721@rns.com,Bhagat Raj,Male,0.6666666667,0.51,0.2448979592,0.4444444444,0.1724845996,0.7021276596,0.54,Arts,Medium
23CS1722,Ekansh,F,23cs1722@rns.com,Tisca Chopra ,Female,0.3333333333,0.265,0.8367346939,0,0.4907597536,0.914893617,0.88,None,Low
23CS1723,Nivedh,A,23cs1723@rns.com,Subramanian,Male,1,0.035,1,0.5555555556,0.6611909651,0.9574468085,0.82,STEM Club,Low
23CS1724,Tanu,B,23cs1724@rns.com,G.Kempegowda ,Female,0.3333333333,0.205,0.7142857143,0.1111111111,0.7885010267,1,1,Arts,Low
23CS1725,Manisha,C,23cs1725@rns.com,Vetrivel,Female,1,0.09,0.4081632653,0.2222222222,0.2238193018,1,1,Sports,Low
23CS1726,Zulekha,D,23cs1726@rns.com,Rajesh Sharma ,Female,0.6666666667,0.79,1,0,0.4620123203,0.829787234,0.72,None,High
23CS1727,Dharani,E,23cs1727@rns.com,Anil Chaudhary,Male,0.3333333333,0.255,0.9387755102,0.3333333333,0.5154004107,1,1,Arts,Low
23CS1728,Ashok,F,23cs1728@rns.com,Debolina Roy,Male,0.6666666667,0.79,0.5510204082,0.1111111111,0.363449692,1,0.56,Volunteer,High
23CS1729,Pavitra,A,23cs1729@rns.com,Srushti Kulkarni,Male,0,0.86,0.4285714286,0,0.2607802875,0.7872340426,0.9,Volunteer,High
23CS1730,Madhuri,B,23cs1730@rns.com,Priya Gupta,Male,0.3333333333,0.445,0.5510204082,0.2222222222,0.3963039014,0.829787234,0.76,None,Low
23CS1731,Faiyaz,C,23cs1731@rns.com,Bhagat Raj,Male,0.6666666667,0.3,0.9591836735,0.2222222222,0.1971252567,0.5531914894,0.64,Sports,Low
23CS1732,Harsha,D,23cs1732@rns.com,Tisca Chopra ,Female,0,0.685,0.8367346939,0.2222222222,0.7145790554,1,0.84,None,Medium
23CS1733,Yatindra,E,23cs1733@rns.com,Subramanian,Male,0.6666666667,0.98,0.8979591837,0.2222222222,0.135523614,1,0.62,None,High
23CS1734,Yatindra,F,23cs1734@rns.com,G.Kempegowda ,Nonbinary,1,0.96,0.1224489796,0.1111111111,0.3737166324,0.7021276596,0.76,Arts,High
23CS1735,Garima,A,23cs1735@rns.com,Vetrivel,Male,0,0.43,0.5306122449,0.1111111111,0.1745379877,0.6382978723,0.58,Sports,Low
23CS1736,Hemant,B,23cs1736@rns.com,Rajesh Sharma ,Nonbinary,0.6666666667,0.12,0.08163265306,0.4444444444,0.08829568789,0.7446808511,0.42,Sports,Low
23CS1737,Ravina,C,23cs1737@rns.com,Anil Chaudhary,Female,0.3333333333,0.02,0.7551020408,0.3333333333,0.4722792608,0.8723404255,0.68,Sports,Low
23CS1738,Chitra,D,23cs1738@rns.com,Debolina Roy,Male,0.6666666667,0.935,0.6530612245,0.3333333333,0.6078028747,1,1,Sports,High
23CS1739,Ritu,E,23cs1739@rns.com,Srushti Kulkarni,Female,0,0.155,0.612244898,0.2222222222,0.4291581109,0.914893617,0.94,None,Low
23CS1740,Kiranmayi,F,23cs1740@rns.com,Priya Gupta,Female,1,0.86,0.8979591837,0.4444444444,0.1663244353,0.8085106383,0.7,None,High
23CS1741,Nutan,A,23cs1741@rns.com,Bhagat Raj,Male,1,0.72,0.9183673469,0.4444444444,0.1642710472,0.914893617,0.68,Arts,Medium
23CS1742,Siddharth,B,23cs1742@rns.com,Tisca Chopra ,Male,0.6666666667,0.36,0.9387755102,0.1111111111,0.7412731006,1,0.88,Arts,Low
23CS1743,Gulab,C,23cs1743@rns.com,Subramanian,Female,0.6666666667,0.775,0.8775510204,0.3333333333,0.8110882957,0.7021276596,0.94,Volunteer,High
23CS1744,Ranjit,D,23cs1744@rns.com,G.Kempegowda ,Male,0.3333333333,0.56,0.8979591837,0.2222222222,0.5195071869,0.829787234,0.72,STEM Club,Medium
23CS1745,Girish,E,23cs1745@rns.com,Vetrivel,Female,0.6666666667,0.64,0.7142857143,0.1111111111,0.5133470226,0.7659574468,1,None,Medium
23CS1746,Kanta,F,23cs1746@rns.com,Rajesh Sharma ,Female,0.6666666667,0.995,0.9591836735,0.1111111111,0.6427104723,1,1,Arts,High
23CS1747,Yashoda,A,23cs1747@rns.com,Anil Chaudhary,Male,0.3333333333,0.095,0.6326530612,0.4444444444,0.2648870637,0.829787234,0.54,None,Low
23CS1748,Nargis,B,23cs1748@rns.com,Debolina Roy,Male,0,0.78,0.693877551,0.3333333333,0.6427104723,1,1,None,High
23CS1749,Oviya,C,23cs1749@rns.com,Srushti Kulkarni,Male,0,0.21,0.8163265306,0.5555555556,0.2751540041,0.8510638298,0.72,None,Low
23CS1750,Ashwin,D,23cs1750@rns.com,Priya Gupta,Female,0.3333333333,0.695,0.1836734694,0.1111111111,0.4845995893,1,0.72,Arts,Medium
23CS1751,Rituparna,E,23cs1751@rns.com,Bhagat Raj,Female,1,0.44,0.5102040816,0.5555555556,0.726899384,0.829787234,0.76,Volunteer,Low
23CS1752,Tapan,F,23cs1752@rns.com,Tisca Chopra ,Female,0.3333333333,0.53,0.5306122449,0.1111111111,0.2977412731,0.6170212766,0.66,Arts,Medium
23CS1753,Ramesh,A,23cs1753@rns.com,Subramanian,Female,0,0.44,0.8775510204,0.3333333333,0.2402464066,1,0.7,STEM Club,Low
23CS1754,Tejas,B,23cs1754@rns.com,G.Kempegowda ,Female,0.3333333333,0.37,0.0612244898,0.2222222222,0.205338809,0.8723404255,0.58,STEM Club,Low
23CS1755,Vishal,C,23cs1755@rns.com,Vetrivel,Female,0,0.18,0.7755102041,0.1111111111,0.3798767967,0.8723404255,0.62,Arts,Low
23CS1756,Kanta,D,23cs1756@rns.com,Rajesh Sharma ,Male,0.3333333333,0.1,0.5714285714,0.2222222222,0.2258726899,0.9574468085,1,Arts,Low
23CS1757,Lokesh,E,23cs1757@rns.com,Anil Chaudhary,Female,0.6666666667,0.965,0.4693877551,0.2222222222,0.1396303901,0.7872340426,1,Volunteer,High
23CS1758,Darshan,F,23cs1758@rns.com,Debolina Roy,Female,1,0.545,0.7551020408,0.1111111111,0.2792607803,0.8723404255,1,None,Medium
23CS1759,Lakshya,A,23cs1759@rns.com,Srushti Kulkarni,Male,0,0.195,0.0612244898,0,0.3655030801,0.9787234043,1,STEM Club,Low
23CS1760,Ananya,B,23cs1760@rns.com,Priya Gupta,Female,0.6666666667,0.315,0.8163265306,0.5555555556,0.3819301848,1,0.96,Arts,Low
23CS1761,Zubeda,C,23cs1761@rns.com,Bhagat Raj,Male,0,0.53,0.8979591837,0.1111111111,0.4722792608,1,0.7,Sports,Medium
23CS1762,Omprakash,D,23cs1762@rns.com,Tisca Chopra ,Male,0.3333333333,0.3,0.5918367347,0,0.3429158111,0.8085106383,0.64,Arts,Low
23CS1763,Ishaan,E,23cs1763@rns.com,Subramanian,Female,0.6666666667,0.525,0.6326530612,0.3333333333,0.3059548255,1,0.74,Arts,Medium
23CS1764,Rakesh,F,23cs1764@rns.com,G.Kempegowda ,Male,0.3333333333,0.62,0.7755102041,0.3333333333,0.1540041068,0.5106382979,0.62,Volunteer,Medium
23CS1765,Tanu,A,23cs1765@rns.com,Vetrivel,Female,0,0.34,0.9591836735,0,0.3285420945,1,0.76,STEM Club,Low
23CS1766,Indira,B,23cs1766@rns.com,Rajesh Sharma ,Male,1,0.12,0.7959183673,0.5555555556,0.2032854209,0.5106382979,0.4,Sports,Low
23CS1767,Ojas,C,23cs1767@rns.com,Anil Chaudhary,Nonbinary,1,0.545,0.693877551,0.3333333333,0.5400410678,0.7872340426,1,STEM Club,Medium
23CS1768,Ayush,D,23cs1768@rns.com,Debolina Roy,Female,0,0.985,0.7551020408,0.3333333333,0.2381930185,1,0.72,Sports,High
23CS1769,Nandini,E,23cs1769@rns.com,Srushti Kulkarni,Female,0.3333333333,0.91,0.8571428571,0.1111111111,0.1540041068,1,0.74,None,High
23CS1770,Hitesh,F,23cs1770@rns.com,Priya Gupta,Male,1,0.24,0.7755102041,0.3333333333,0.135523614,0.5957446809,0.9,Sports,Low
23CS1771,Chandrika,A,23cs1771@rns.com,Bhagat Raj,Male,0,0.61,0.7755102041,0.2222222222,0.6427104723,1,1,Sports,Medium
23CS1772,Ishani,B,23cs1772@rns.com,Tisca Chopra ,Male,0,0.23,0.6734693878,0,0.1519507187,0.7446808511,0.98,Sports,Low
23CS1773,Sunita,C,23cs1773@rns.com,Subramanian,Male,0,0.22,0.5714285714,0.1111111111,0.2628336756,0.8510638298,0.78,Arts,Low
23CS1774,Manisha,D,23cs1774@rns.com,G.Kempegowda ,Female,0,0.11,0.1632653061,0.1111111111,0.2648870637,0.9787234043,0.8,STEM Club,Low
23CS1775,Ramesh,E,23cs1775@rns.com,Vetrivel,Male,0,0.975,0.612244898,0.1111111111,0.3798767967,0.829787234,0.78,Volunteer,High
23CS1776,Hemal,F,23cs1776@rns.com,Rajesh Sharma ,Nonbinary,0.6666666667,0.38,0.6326530612,0.1111111111,0.2114989733,0.6595744681,0.34,Arts,Low
23CS1777,Uma,A,23cs1777@rns.com,Anil Chaudhary,Male,0.3333333333,0.98,0.8775510204,0.2222222222,0.6098562628,0.8723404255,1,None,High
23CS1778,Jatin,B,23cs1778@rns.com,Debolina Roy,Male,1,0.995,0.5306122449,0.3333333333,0.05133470226,0.829787234,0.48,Volunteer,High
23CS1779,Bhavana,C,23cs1779@rns.com,Srushti Kulkarni,Male,1,0.295,0.7551020408,0.3333333333,0.4969199179,0.8085106383,1,STEM Club,Low
23CS1780,Ekta,D,23cs1780@rns.com,Priya Gupta,Nonbinary,0.3333333333,0.37,0.7346938776,0.2222222222,0.2176591376,1,0.68,Arts,Low
23CS1781,Ragini,E,23cs1781@rns.com,Bhagat Raj,Female,1,0.73,0.5918367347,0.4444444444,0.2710472279,0.7234042553,0.98,Sports,Medium
23CS1782,Harish,F,23cs1782@rns.com,Tisca Chopra ,Female,0,0.11,0.9387755102,0.1111111111,0.4065708419,0.9574468085,0.98,Arts,Low
23CS1783,Zarina,A,23cs1783@rns.com,Subramanian,Male,0.6666666667,0.68,0.2448979592,0.3333333333,0.3059548255,1,0.58,None,Medium
23CS1784,Nirmala,B,23cs1784@rns.com,G.Kempegowda ,Female,0.3333333333,0.915,0.8571428571,0.2222222222,0.3326488706,1,0.78,Arts,High
23CS1785,Leelavati,C,23cs1785@rns.com,Vetrivel,Male,0.3333333333,0.43,0.8775510204,0.3333333333,0.2032854209,1,0.94,Sports,Low
23CS1786,Ujjwal,D,23cs1786@rns.com,Rajesh Sharma ,Female,0.6666666667,0.325,0.9795918367,0.4444444444,0.2977412731,0.5744680851,1,None,Low
23CS1787,Lakshya,E,23cs1787@rns.com,Anil Chaudhary,Male,1,0.48,0.6734693878,0,0.4250513347,0.7021276596,0.78,None,Low
23CS1788,Janardhan,F,23cs1788@rns.com,Debolina Roy,Female,0,0.355,0.7346938776,0.2222222222,0.4024640657,1,1,Volunteer,Low
23CS1789,Indu,A,23cs1789@rns.com,Srushti Kulkarni,Female,1,0.875,0.6734693878,0,0.501026694,0.6808510638,0.56,Arts,High
23CS1790,Zoya,B,23cs1790@rns.com,Priya Gupta,Female,1,0.23,0.3265306122,0.4444444444,0.4558521561,0.9787234043,0.92,STEM Club,Low
23CS1791,Shweta,C,23cs1791@rns.com,Bhagat Raj,Male,0.3333333333,0.555,0.4081632653,0.2222222222,0.5605749487,1,1,Sports,Medium
23CS1792,Omprakash,D,23cs1792@rns.com,Tisca Chopra ,Male,1,0.035,0.6326530612,0,0.3264887064,0.7021276596,0.94,Sports,Low
23CS1793,Diya,E,23cs1793@rns.com,Subramanian,Male,0.6666666667,0.925,0.1428571429,0.4444444444,0.5297741273,0.4893617021,0.84,STEM Club,High
23CS1794,Ananya,F,23cs1794@rns.com,G.Kempegowda ,Female,0.6666666667,0.28,0.4081632653,0.1111111111,0.3511293634,1,0.66,Volunteer,Low
23CS1795,Pavitra,A,23cs1795@rns.com,Vetrivel,Female,1,0.825,0.7346938776,0.5555555556,0.5872689938,0.829787234,1,Volunteer,High
23CS1796,Harshal,B,23cs1796@rns.com,Rajesh Sharma ,Female,1,0.1,0.4897959184,0.3333333333,0.3552361396,0.7872340426,0.86,STEM Club,Low
23CS1797,Amar,C,23cs1797@rns.com,Anil Chaudhary,Male,1,0.21,0.5306122449,0.2222222222,0.3162217659,0.6808510638,1,Sports,Low
23CS1798,Vishal,D,23cs1798@rns.com,Debolina Roy,Female,0.3333333333,0.785,0.7346938776,0.2222222222,0.5708418891,1,0.68,Arts,High
23CS1799,Kalyan,E,23cs1799@rns.com,Srushti Kulkarni,Female,0.3333333333,0.225,0.5102040816,0.3333333333,0.5277207392,1,0.9,Arts,Low
23CS1800,Bhargavi,F,23cs1800@rns.com,Priya Gupta,Male,0.3333333333,0.69,0.387755102,0.3333333333,0.112936345,0.3191489362,0.56,None,Medium
23CS1801,Vandita,A,23cs1801@rns.com,Bhagat Raj,Female,0,0.32,0.387755102,0.1111111111,0.5811088296,0.7872340426,0.86,STEM Club,Low
23CS1802,Trisha,B,23cs1802@rns.com,Tisca Chopra ,Male,1,0.785,0.5102040816,0.2222222222,0.2381930185,0.6382978723,0.92,None,High
23CS1803,Trisha,C,23cs1803@rns.com,Subramanian,Male,1,0.995,0.5918367347,0,0.5338809035,1,1,Sports,High
23CS1804,Tanvi,D,23cs1804@rns.com,G.Kempegowda ,Female,0.3333333333,0.14,0.8571428571,0.5555555556,0.3264887064,0.7234042553,0.98,None,Low
23CS1805,Rachna,E,23cs1805@rns.com,Vetrivel,Female,1,0.91,0.3673469388,0.1111111111,0.2340862423,0.8936170213,0.72,None,High
23CS1806,Pradeep,F,23cs1806@rns.com,Rajesh Sharma ,Male,1,0.2,0.3673469388,0.1111111111,0.3593429158,0.9787234043,1,Volunteer,Low
23CS1807,Arjun,A,23cs1807@rns.com,Anil Chaudhary,Male,1,0.48,0.8775510204,0.5555555556,0.5318275154,0.8936170213,0.52,Volunteer,Low
23CS1808,Chand,B,23cs1808@rns.com,Debolina Roy,Male,1,0.155,0.8571428571,0.2222222222,0.4661190965,1,0.7,Arts,Low
23CS1809,Namratha,C,23cs1809@rns.com,Srushti Kulkarni,Female,0,0.48,0.5714285714,0.3333333333,0.2833675565,0.4042553191,0.94,Volunteer,Low
23CS1810,Aditi,D,23cs1810@rns.com,Priya Gupta,Male,1,0.215,0.6530612245,0.3333333333,0.2566735113,0.7021276596,0.86,Volunteer,Low
23CS1811,Jaya,E,23cs1811@rns.com,Bhagat Raj,Female,1,0.265,0.6326530612,0.5555555556,0.3326488706,0.829787234,0.62,Sports,Low
23CS1812,Sanjana,F,23cs1812@rns.com,Tisca Chopra ,Female,0.3333333333,0.955,0.9795918367,0.3333333333,0.4106776181,1,0.88,Sports,High
23CS1813,Laxman,A,23cs1813@rns.com,Subramanian,Female,0,0.785,0.7755102041,0.1111111111,0.2566735113,0.5744680851,0.62,Arts,High
23CS1814,Omkari,B,23cs1814@rns.com,G.Kempegowda ,Female,0,0.545,0.2244897959,0.1111111111,0.4558521561,1,0.76,STEM Club,Medium
23CS1815,Jeevan,C,23cs1815@rns.com,Vetrivel,Male,0.3333333333,0.33,0.693877551,0.3333333333,0.7207392197,1,1,STEM Club,Low
23CS1816,Rakesh,D,23cs1816@rns.com,Rajesh Sharma ,Male,0.6666666667,0.97,0.7142857143,0.2222222222,0.5564681725,1,0.9,Sports,High
23CS1817,Jatin,E,23cs1817@rns.com,Anil Chaudhary,Male,0.3333333333,0.785,0.6530612245,0.5555555556,0.3347022587,0.9361702128,0.68,Sports,High
23CS1818,Brijesh,F,23cs1818@rns.com,Debolina Roy,Female,0.6666666667,0.06,0.5102040816,0.3333333333,0.2566735113,0.6595744681,0.7,STEM Club,Low
23CS1819,Pooja,A,23cs1819@rns.com,Srushti Kulkarni,Female,1,0.55,0.6326530612,0.2222222222,0.3613963039,0.8723404255,0.7,Volunteer,Medium
23CS1820,Rahul,B,23cs1820@rns.com,Priya Gupta,Male,0.3333333333,0.02,0.2857142857,0.3333333333,0.2997946612,1,0.92,STEM Club,Low
23CS1821,Leela,C,23cs1821@rns.com,Bhagat Raj,Female,0,0.26,0.6326530612,0.3333333333,0.794661191,1,1,STEM Club,Low
23CS1822,Yashoda,D,23cs1822@rns.com,Tisca Chopra ,Male,0,0.345,0.306122449,0.1111111111,0.4271047228,1,1,Sports,Low
23CS1823,Yuvika,E,23cs1823@rns.com,Subramanian,Female,1,0.535,0.7959183673,0.1111111111,0.3798767967,1,0.9,STEM Club,Medium
23CS1824,Manorama,F,23cs1824@rns.com,G.Kempegowda ,Male,1,0.93,0.1224489796,0,0.7864476386,1,0.98,None,High
23CS1825,Mahesh,A,23cs1825@rns.com,Vetrivel,Male,0.3333333333,0.985,0.7959183673,0.3333333333,0.05954825462,0.6382978723,0.72,Arts,High
23CS1826,Pranitha,B,23cs1826@rns.com,Rajesh Sharma ,Female,1,0.835,1,0.2222222222,0.6283367556,0.9574468085,0.92,None,High
23CS1827,Suresh,C,23cs1827@rns.com,Anil Chaudhary,Female,0.3333333333,0.13,0.693877551,0.5555555556,0.1396303901,0.829787234,0.8,None,Low
23CS1828,Feroza,D,23cs1828@rns.com,Debolina Roy,Female,1,0.035,0.9795918367,0.2222222222,0.227926078,0.829787234,0.98,Arts,Low
23CS1829,Eshita,E,23cs1829@rns.com,Srushti Kulkarni,Male,1,0.23,0.8163265306,0.5555555556,0.4209445585,1,1,None,Low
23CS1830,Ila,F,23cs1830@rns.com,Priya Gupta,Female,0.6666666667,0.53,0.7142857143,0.1111111111,0.1930184805,1,0.66,Sports,Medium
23CS1831,Jayant,A,23cs1831@rns.com,Bhagat Raj,Female,1,0.465,0.08163265306,0.2222222222,0.4147843943,0.5957446809,0.34,Arts,Low
23CS1832,Chandni,B,23cs1832@rns.com,Tisca Chopra ,Male,0.3333333333,0.365,0.7959183673,0.3333333333,0.3737166324,0.6808510638,0.5,Sports,Low
23CS1833,Jeevan,C,23cs1833@rns.com,Subramanian,Male,0.3333333333,0.025,0.9183673469,0.1111111111,0.5811088296,1,1,None,Low
23CS1834,Sharanya,D,23cs1834@rns.com,G.Kempegowda ,Male,1,0.865,0.9387755102,0.4444444444,0.07597535934,1,0.34,None,High
23CS1835,Janardhan,E,23cs1835@rns.com,Vetrivel,Male,0,0.64,0.9387755102,0,0.4969199179,1,0.96,Arts,Medium
23CS1836,Shyam,F,23cs1836@rns.com,Rajesh Sharma ,Female,1,0.33,0.8979591837,0.2222222222,0.4517453799,0.7659574468,1,Volunteer,Low
23CS1837,Bhavesh,A,23cs1837@rns.com,Anil Chaudhary,Female,0,0.35,0.8163265306,0.1111111111,0.4127310062,0.5957446809,0.86,Volunteer,Low
23CS1838,Ananya,B,23cs1838@rns.com,Debolina Roy,Female,0,0.71,0.3265306122,0.1111111111,0.5256673511,0.5957446809,1,Arts,Medium
23CS1839,Fazal,C,23cs1839@rns.com,Srushti Kulkarni,Male,0.6666666667,0.39,0.7346938776,0.2222222222,0.2607802875,0.9574468085,0.9,STEM Club,Low
23CS1840,Zoya,D,23cs1840@rns.com,Priya Gupta,Male,1,0.105,0.8367346939,0.2222222222,0.1991786448,0.8723404255,1,None,Low
23CS1841,Waris,E,23cs1841@rns.com,Bhagat Raj,Male,1,0.855,0.6326530612,0.1111111111,0.7679671458,1,1,Volunteer,High
23CS1842,Ramesh,F,23cs1842@rns.com,Tisca Chopra ,Female,0,0.64,0.8163265306,0.2222222222,0.4640657084,0.829787234,0.64,None,Medium
23CS1843,Eesha,A,23cs1843@rns.com,Subramanian,Male,1,0.115,0.8367346939,0.2222222222,0.1704312115,0.5531914894,0.64,Sports,Low
23CS1844,Darshan,B,23cs1844@rns.com,G.Kempegowda ,Male,0.6666666667,0.385,0.2244897959,0.5555555556,0.273100616,0.4042553191,1,None,Low
23CS1845,Anjali,C,23cs1845@rns.com,Vetrivel,Female,1,0.205,0.1836734694,0.2222222222,0.3244353183,0.9574468085,0.84,STEM Club,Low
23CS1846,Sanjay,D,23cs1846@rns.com,Rajesh Sharma ,Male,1,0.13,0.5510204082,0.2222222222,0.3552361396,0.9787234043,1,STEM Club,Low
23CS1847,Eshwar,E,23cs1847@rns.com,Anil Chaudhary,Male,0,0.805,0.1428571429,0.3333333333,0.2340862423,0.9361702128,0.74,Sports,High
23CS1848,Nirmala,F,23cs1848@rns.com,Debolina Roy,Female,1,0.915,0.7551020408,0.4444444444,0.3552361396,1,0.62,STEM Club,High
23CS1849,Jatin,A,23cs1849@rns.com,Srushti Kulkarni,Female,0.3333333333,0.485,0.3673469388,0.1111111111,0.4845995893,0.8085106383,1,Sports,Low
23CS1850,Amrita,B,23cs1850@rns.com,Priya Gupta,Male,1,0.805,0.04081632653,0.5555555556,0.340862423,0.6595744681,0.62,Sports,High
23CS1851,Oorja,C,23cs1851@rns.com,Bhagat Raj,Nonbinary,0.3333333333,0.17,0.5714285714,0,0.1909650924,1,0.8,Arts,Low
23CS1852,Pavitra,D,23cs1852@rns.com,Tisca Chopra ,Male,0.3333333333,0.865,0.7551020408,0.2222222222,0.07186858316,0.6382978723,0.64,Sports,High
23CS1853,Rachit,E,23cs1853@rns.com,Subramanian,Male,0.6666666667,0.35,0.9591836735,0.3333333333,0.318275154,0.9787234043,0.98,STEM Club,Low
23CS1854,Chandrika,F,23cs1854@rns.com,G.Kempegowda ,Male,1,0.97,0.7755102041,0.2222222222,0.3901437372,0.5106382979,1,None,High
23CS1855,Chand,A,23cs1855@rns.com,Vetrivel,Male,0.3333333333,0.27,0.1020408163,0.3333333333,0.501026694,1,1,Sports,Low
23CS1856,Bhargavi,B,23cs1856@rns.com,Rajesh Sharma ,Male,1,0.29,0.6326530612,0.3333333333,0.4414784394,1,0.74,None,Low
23CS1857,Fazila,C,23cs1857@rns.com,Anil Chaudhary,Female,1,0.765,0.9387755102,0.2222222222,0.2484599589,0.4255319149,0.64,None,High
23CS1858,Dharam,D,23cs1858@rns.com,Debolina Roy,Female,0.6666666667,0.995,1,0.2222222222,0.1724845996,0.8936170213,0.46,STEM Club,High
23CS1859,Tejas,E,23cs1859@rns.com,Srushti Kulkarni,Female,1,0.54,0.1428571429,0.2222222222,0.5626283368,1,1,Arts,Medium
23CS1860,Gauri,F,23cs1860@rns.com,Priya Gupta,Female,0.3333333333,0.75,0.5102040816,0.4444444444,0.4168377823,0.4893617021,0.56,Arts,High
23CS1861,Imran,A,23cs1861@rns.com,Bhagat Raj,Female,0.6666666667,0.27,0.7551020408,0,0.250513347,0.7659574468,0.8,Arts,Low
23CS1862,Aisha,B,23cs1862@rns.com,Tisca Chopra ,Male,1,0.91,0.693877551,0.2222222222,0.02874743326,0.3829787234,0.7,STEM Club,High
23CS1863,Darshan,C,23cs1863@rns.com,Subramanian,Male,0,0.835,0.7142857143,0.3333333333,0.498973306,0.7659574468,0.7,None,High
23CS1864,Vijay,D,23cs1864@rns.com,G.Kempegowda ,Female,0,0.845,0.6734693878,0,0.1745379877,0.7872340426,0.36,Sports,High
23CS1865,Chandrika,E,23cs1865@rns.com,Vetrivel,Female,0,0.615,0.9387755102,0.4444444444,0.2422997947,0.4255319149,0.54,Arts,Medium
23CS1866,Pritam,F,23cs1866@rns.com,Rajesh Sharma ,Male,0.6666666667,0.115,0.9387755102,0.2222222222,0.1868583162,0.8085106383,0.72,Sports,Low
23CS1867,Tanvi,A,23cs1867@rns.com,Anil Chaudhary,Male,1,0.65,0.306122449,0,0.5441478439,0.9787234043,0.88,None,Medium
23CS1868,Abhay,B,23cs1868@rns.com,Debolina Roy,Female,1,0.36,0.4693877551,0.3333333333,0.160164271,0.4042553191,0.42,None,Low
23CS1869,Laxmi,C,23cs1869@rns.com,Srushti Kulkarni,Female,1,0.62,0.693877551,0.2222222222,0.4948665298,0.7234042553,1,STEM Club,Medium
23CS1870,Esha,D,23cs1870@rns.com,Priya Gupta,Female,1,0.05,0.8571428571,0.2222222222,0.2443531828,0.914893617,0.92,STEM Club,Low
23CS1871,Ajeet,E,23cs1871@rns.com,Bhagat Raj,Nonbinary,0.3333333333,0.15,0.2857142857,0.1111111111,0.568788501,0.914893617,1,Sports,Low
23CS1872,Rakesh,F,23cs1872@rns.com,Tisca Chopra ,Female,0.6666666667,0.795,0.306122449,0.3333333333,0.2340862423,0.8085106383,0.76,Sports,High
23CS1873,Chandrika,A,23cs1873@rns.com,Subramanian,Male,0.6666666667,0.7,0.7346938776,0.4444444444,0.4024640657,1,1,None,Medium
23CS1874,Feroza,B,23cs1874@rns.com,G.Kempegowda ,Male,0,0.795,0.8775510204,0.1111111111,0.2299794661,0.7234042553,0.34,Arts,High
23CS1875,Rachit,C,23cs1875@rns.com,Vetrivel,Male,0.3333333333,0.905,0.8163265306,0.2222222222,0.5975359343,1,1,STEM Club,High
23CS1876,Eshwar,D,23cs1876@rns.com,Rajesh Sharma ,Female,0,0.41,0.4897959184,0,0.3839835729,1,0.92,Volunteer,Low
23CS1877,Trilok,E,23cs1877@rns.com,Anil Chaudhary,Male,0.6666666667,0.405,0.7755102041,0.4444444444,0.3162217659,0.6808510638,0.74,STEM Club,Low
23CS1878,Indira,F,23cs1878@rns.com,Debolina Roy,Female,0.6666666667,0.61,0.9183673469,0.3333333333,0.1786447639,0.5744680851,0.36,None,Medium
23CS1879,Rohan,A,23cs1879@rns.com,Srushti Kulkarni,Male,0,0.72,0.5102040816,0.6666666667,0.05954825462,0.3404255319,0.82,STEM Club,Medium
23CS1880,Nutan,B,23cs1880@rns.com,Priya Gupta,Male,0.6666666667,0.13,0.7551020408,0.1111111111,0,0.3404255319,0.28,Arts,Low
23CS1881,Laxman,C,23cs1881@rns.com,Bhagat Raj,Male,0.6666666667,0.785,0.9591836735,0.2222222222,0.6940451745,1,0.86,Sports,High
23CS1882,Aarav,D,23cs1882@rns.com,Tisca Chopra ,Female,0.6666666667,0.99,0.7551020408,0.1111111111,0.2320328542,0.7872340426,0.8,STEM Club,High
23CS1883,Vandana,E,23cs1883@rns.com,Subramanian,Female,0,0.805,0.8775510204,0.1111111111,0.3018480493,0.8085106383,0.96,Sports,High
23CS1884,Sanjay,F,23cs1884@rns.com,G.Kempegowda ,Male,0,0.38,0.6326530612,0.6666666667,0.2135523614,1,0.68,None,Low
23CS1885,Amar,A,23cs1885@rns.com,Vetrivel,Female,0.6666666667,0.895,0.2653061224,0.1111111111,0.2238193018,1,0.88,None,High
23CS1886,Trilok,B,23cs1886@rns.com,Rajesh Sharma ,Male,1,0.06,0.7959183673,0.2222222222,0.4620123203,0.7234042553,0.6,Sports,Low
23CS1887,Gulzar,C,23cs1887@rns.com,Anil Chaudhary,Male,0,0.965,0.6530612245,0.1111111111,0.4127310062,1,0.56,Arts,High
23CS1888,Vinod,D,23cs1888@rns.com,Debolina Roy,Female,0,0.565,0.8979591837,0.3333333333,0.1950718686,0.4255319149,0.4,Volunteer,Medium
23CS1889,Ishwar,E,23cs1889@rns.com,Srushti Kulkarni,Female,0.6666666667,0.285,0.693877551,0.1111111111,0.2546201232,0.7021276596,0.88,Sports,Low
23CS1890,Omkari,F,23cs1890@rns.com,Priya Gupta,Male,0.6666666667,0.1,0.387755102,0.1111111111,0.3449691992,1,1,None,Low
23CS1891,Harish,A,23cs1891@rns.com,Bhagat Raj,Female,0.3333333333,0.17,0.6326530612,0.3333333333,0.4640657084,0.8936170213,0.78,Arts,Low
23CS1892,Sharanya,B,23cs1892@rns.com,Tisca Chopra ,Nonbinary,0.6666666667,0.78,0.8571428571,0.1111111111,0.4784394251,1,1,Sports,High
23CS1893,Manorama,C,23cs1893@rns.com,Subramanian,Male,0.3333333333,0.465,0.7346938776,0,0.05338809035,0.7234042553,0.84,Volunteer,Low
23CS1894,Pankaj,D,23cs1894@rns.com,G.Kempegowda ,Female,0.6666666667,0.56,0.9183673469,0.2222222222,0.4414784394,1,1,None,Medium
23CS1895,Gaurav,E,23cs1895@rns.com,Vetrivel,Male,1,1,0.8571428571,0,0.08829568789,0.7659574468,0.64,STEM Club,High
23CS1896,Zainab,F,23cs1896@rns.com,Rajesh Sharma ,Male,1,0.37,0.6734693878,0.2222222222,0.3347022587,0.9787234043,0.78,Sports,Low
23CS1897,Radhika,A,23cs1897@rns.com,Anil Chaudhary,Female,1,0.71,0.1428571429,0.4444444444,0.1786447639,1,0.68,Volunteer,Medium
23CS1898,Harshita,B,23cs1898@rns.com,Debolina Roy,Male,0.3333333333,0.04,0.4897959184,0.3333333333,0.4435318275,0.9361702128,0.68,Arts,Low
23CS1899,Rachna,C,23cs1899@rns.com,Srushti Kulkarni,Male,1,0.055,0.9591836735,0.2222222222,0,0.829787234,0,None,Low
23CS1900,Arvind,D,23cs1900@rns.com,Priya Gupta,Male,0,0.185,0.7346938776,0.1111111111,0.2895277207,0.9787234043,0.88,Arts,Low
23CS1901,Kalpana,E,23cs1901@rns.com,Bhagat Raj,Male,0.6666666667,0.645,0.7959183673,0,0.4045174538,0.5744680851,1,None,Medium
23CS1902,Waman,F,23cs1902@rns.com,Tisca Chopra ,Male,0.3333333333,0.87,0.8367346939,0.2222222222,0.2751540041,0.9361702128,1,None,High
23CS1903,Kamala,A,23cs1903@rns.com,Subramanian,Female,0.6666666667,0.35,0.7142857143,0.6666666667,0.4168377823,0.8936170213,0.76,STEM Club,Low
23CS1904,Rakesh,B,23cs1904@rns.com,G.Kempegowda ,Male,0.6666666667,0.61,0.6734693878,0,0.5646817248,1,0.7,Arts,Medium
23CS1905,Jayant,C,23cs1905@rns.com,Vetrivel,Female,0,0.005,0.3673469388,0.2222222222,0.4496919918,0.7659574468,1,Volunteer,Low
23CS1906,Harini,D,23cs1906@rns.com,Rajesh Sharma ,Male,0,0.065,0.6326530612,0,0.5256673511,1,1,Sports,Low
23CS1907,Veena,E,23cs1907@rns.com,Anil Chaudhary,Female,0.3333333333,0.09,0.693877551,0.2222222222,0.5708418891,1,0.9,None,Low
23CS1908,Anjali,F,23cs1908@rns.com,Debolina Roy,Male,0.3333333333,0.105,0.8775510204,0.1111111111,0.4065708419,0.7659574468,0.74,STEM Club,Low
23CS1909,Rajeev,A,23cs1909@rns.com,Srushti Kulkarni,Female,0,0.075,0.5510204082,0.3333333333,0.06981519507,0.4042553191,0.78,STEM Club,Low
23CS1910,Nikhil,B,23cs1910@rns.com,Priya Gupta,Male,0,0.11,0.3265306122,0.3333333333,0.3552361396,0.6595744681,0.8,STEM Club,Low
23CS1911,Bina,C,23cs1911@rns.com,Bhagat Raj,Male,0.6666666667,0.98,0.4693877551,0.2222222222,0.4004106776,1,0.82,Sports,High
23CS1912,Umesh,D,23cs1912@rns.com,Tisca Chopra ,Female,0,0.455,0.306122449,0.1111111111,0.4743326489,0.7872340426,0.88,Sports,Low
23CS1913,Waman,E,23cs1913@rns.com,Subramanian,Male,1,0.03,0.6326530612,0.1111111111,0.02874743326,0.7234042553,0.56,Arts,Low
23CS1914,Bhavana,F,23cs1914@rns.com,G.Kempegowda ,Male,0,0.375,0.3469387755,0.3333333333,0.2422997947,0.7446808511,1,Sports,Low
23CS1915,Saira,A,23cs1915@rns.com,Vetrivel,Male,1,0.395,0.9387755102,0.1111111111,0.59137577,1,1,Sports,Low
23CS1916,Namrata,B,23cs1916@rns.com,Rajesh Sharma ,Male,0,0.965,0.1632653061,0.1111111111,0.2813141684,0.8085106383,0.82,STEM Club,High
23CS1917,Vandita,C,23cs1917@rns.com,Anil Chaudhary,Female,1,0.15,0.4897959184,0,0.6262833676,1,1,Sports,Low
23CS1918,Shweta,D,23cs1918@rns.com,Debolina Roy,Female,0,0.005,0.9183673469,0.1111111111,0.4866529774,1,0.54,Sports,Low
23CS1919,Bindu,E,23cs1919@rns.com,Srushti Kulkarni,Female,0,0.365,0.4897959184,0,0.4681724846,1,1,Sports,Low
23CS1920,Prithvi,F,23cs1920@rns.com,Priya Gupta,Male,1,0.53,0.4081632653,0,0.5544147844,1,0.56,None,Medium
23CS1921,Jatin,A,23cs1921@rns.com,Bhagat Raj,Male,0,0.69,0.8979591837,0,0.3839835729,1,0.76,STEM Club,Medium
23CS1922,Ranjana,B,23cs1922@rns.com,Tisca Chopra ,Male,0,0.755,0.4897959184,0.1111111111,0.4414784394,0.9787234043,1,None,High
23CS1923,Reena,C,23cs1923@rns.com,Subramanian,Female,1,0.25,0.8367346939,0,0.3839835729,0.7446808511,1,Sports,Low
23CS1924,Chandresh,D,23cs1924@rns.com,G.Kempegowda ,Male,1,0.895,0.3265306122,0.1111111111,0.3942505133,1,0.84,Arts,High
23CS1925,Keshav,E,23cs1925@rns.com,Vetrivel,Male,0.6666666667,0.525,0.693877551,0.3333333333,0.1170431211,0.8510638298,0.64,Arts,Medium
23CS1926,Devika,F,23cs1926@rns.com,Rajesh Sharma ,Female,1,0.565,0.9387755102,0.4444444444,0.3162217659,0.6595744681,0.98,Sports,Medium
23CS1927,Farida,A,23cs1927@rns.com,Anil Chaudhary,Male,1,0.45,0.7959183673,0.5555555556,0,0.6170212766,0.78,Sports,Low
23CS1928,Meenal,B,23cs1928@rns.com,Debolina Roy,Male,0,0.53,0.9795918367,0.3333333333,0.681724846,1,1,Volunteer,Medium
23CS1929,Omkari,C,23cs1929@rns.com,Srushti Kulkarni,Male,0.6666666667,0.4,0.9795918367,0,0.5092402464,0.8510638298,0.86,Sports,Low
23CS1930,Feroz,D,23cs1930@rns.com,Priya Gupta,Female,0.3333333333,0.77,0.7551020408,0.1111111111,0.4845995893,1,0.56,Sports,High
23CS1931,Rahul,E,23cs1931@rns.com,Bhagat Raj,Female,0,0.195,0.8775510204,0,0.2833675565,0.7872340426,0.6,Sports,Low
23CS1932,Pooja,F,23cs1932@rns.com,Tisca Chopra ,Male,0.3333333333,0.03,0.612244898,0.1111111111,0.1642710472,0.5319148936,0.68,Sports,Low
23CS1933,Zeenat,A,23cs1933@rns.com,Subramanian,Female,0.6666666667,0.81,0.8163265306,0.3333333333,0.8090349076,1,1,Sports,High
23CS1934,Umesh,B,23cs1934@rns.com,G.Kempegowda ,Female,1,0.24,0.9183673469,0.4444444444,0.2464065708,0.7872340426,0.42,Sports,Low
23CS1935,Pritam,C,23cs1935@rns.com,Vetrivel,Female,0.3333333333,0.79,0.8979591837,0.2222222222,0.4414784394,1,0.76,Volunteer,High
23CS1936,Amrita,D,23cs1936@rns.com,Rajesh Sharma ,Male,0,0.545,0.8775510204,0.1111111111,0.2915811088,0.5531914894,0.94,Sports,Medium
23CS1937,Yashika,E,23cs1937@rns.com,Anil Chaudhary,Female,0.6666666667,0.91,0.6530612245,0.1111111111,0.1745379877,0.8085106383,0.6,STEM Club,High
23CS1938,Ojas,F,23cs1938@rns.com,Debolina Roy,Male,0.6666666667,0.315,0.9183673469,0.3333333333,0.2464065708,0.829787234,1,STEM Club,Low
23CS1939,Indira,A,23cs1939@rns.com,Srushti Kulkarni,Female,0,0.24,0.4081632653,0,0.453798768,0.7872340426,1,Arts,Low
23CS1940,Juhi,B,23cs1940@rns.com,Priya Gupta,Male,0.6666666667,0.505,0.5306122449,0.4444444444,0.2854209446,0.3617021277,0.7,None,Medium
23CS1941,Manorama,C,23cs1941@rns.com,Bhagat Raj,Male,0,0.08,0.4081632653,0.2222222222,0.2751540041,1,0.96,None,Low
23CS1942,Zubin,D,23cs1942@rns.com,Tisca Chopra ,Male,0.6666666667,0.085,1,0,0.476386037,1,0.86,Sports,Low
23CS1943,Aditya,E,23cs1943@rns.com,Subramanian,Female,0.6666666667,0.155,0.8979591837,0.3333333333,0.2792607803,0.8936170213,0.48,Sports,Low
23CS1944,Ishani,F,23cs1944@rns.com,G.Kempegowda ,Male,0.6666666667,0.77,0.6734693878,0.2222222222,0.7186858316,1,1,Arts,High
23CS1945,Ramesh,A,23cs1945@rns.com,Vetrivel,Female,0,0.73,0.387755102,0,0.4784394251,1,0.96,Sports,Medium
23CS1946,Aarti,B,23cs1946@rns.com,Rajesh Sharma ,Female,0.3333333333,0.47,0.9387755102,0,0.4229979466,1,0.82,Volunteer,Low
23CS1947,Rachit,C,23cs1947@rns.com,Anil Chaudhary,Male,1,0.36,0.7142857143,0,0.2648870637,1,0.98,STEM Club,Low
23CS1948,Neelam,D,23cs1948@rns.com,Debolina Roy,Male,0.6666666667,0.425,0.8367346939,0.3333333333,0.4147843943,0.7659574468,1,Sports,Low
23CS1949,Pavitra,E,23cs1949@rns.com,Srushti Kulkarni,Male,0.3333333333,0.1,0.6734693878,0,0.158110883,1,0.82,Sports,Low
23CS1950,Chinmay,F,23cs1950@rns.com,Priya Gupta,Male,0.6666666667,0.43,0.6734693878,0.1111111111,0.4127310062,0.914893617,0.86,Sports,Low
23CS1951,Reena,A,23cs1951@rns.com,Bhagat Raj,Female,1,0.41,0.8775510204,0.2222222222,0.3223819302,0.8085106383,1,None,Low
23CS1952,Rahul,B,23cs1952@rns.com,Tisca Chopra ,Female,1,0.63,0.7551020408,0.3333333333,0.7659137577,1,1,Sports,Medium
23CS1953,Ranjit,C,23cs1953@rns.com,Subramanian,Male,0.6666666667,0.63,0.6530612245,0.2222222222,0.3347022587,0.7659574468,0.76,Sports,Medium
23CS1954,Rekha,D,23cs1954@rns.com,G.Kempegowda ,Female,1,0.02,0.5306122449,0,0.4004106776,1,1,Sports,Low
23CS1955,Ranjit,E,23cs1955@rns.com,Vetrivel,Male,0.3333333333,0.45,0.4081632653,0.2222222222,0.568788501,1,0.96,Sports,Low
23CS1956,Rajendra,F,23cs1956@rns.com,Rajesh Sharma ,Male,0.3333333333,0.395,0.9183673469,0.1111111111,0.5112936345,1,1,Volunteer,Low
23CS1957,Nisha,A,23cs1957@rns.com,Anil Chaudhary,Male,1,0.275,0.6326530612,0.2222222222,0.1437371663,0.8936170213,0.54,Arts,Low
23CS1958,Smita,B,23cs1958@rns.com,Debolina Roy,Male,0.6666666667,0.08,0.7959183673,0.1111111111,0.180698152,0.9787234043,0.76,STEM Club,Low
23CS1959,Sundar,C,23cs1959@rns.com,Srushti Kulkarni,Female,0,0.51,0.5306122449,0.3333333333,0.1930184805,1,0.5,Arts,Medium
23CS1960,Elina,D,23cs1960@rns.com,Priya Gupta,Male,1,0.45,0.2448979592,0.1111111111,0.4065708419,0.6808510638,0.78,Volunteer,Low
23CS1961,Ravindra,E,23cs1961@rns.com,Bhagat Raj,Male,0.6666666667,0.95,0.5510204082,0,0.4476386037,1,0.82,STEM Club,High
23CS1962,Wali,F,23cs1962@rns.com,Tisca Chopra ,Female,0.3333333333,0.085,0.1224489796,0.2222222222,0.4353182752,1,0.84,Sports,Low
23CS1963,Manoj,A,23cs1963@rns.com,Subramanian,Female,1,0.405,0.5510204082,0.3333333333,0.273100616,0.7872340426,0.96,Sports,Low
23CS1964,Rachna,B,23cs1964@rns.com,G.Kempegowda ,Female,1,0.465,0.693877551,0,0.3388090349,0.829787234,1,Arts,Low
23CS1965,Neha,C,23cs1965@rns.com,Vetrivel,Male,0.6666666667,0.815,0.5510204082,0,0.3490759754,0.8723404255,0.96,STEM Club,High
23CS1966,Zeenat,D,23cs1966@rns.com,Rajesh Sharma ,Male,0.3333333333,0.095,0.8775510204,0.3333333333,0.160164271,0.7021276596,0.66,Arts,Low
23CS1967,Chandramani,E,23cs1967@rns.com,Anil Chaudhary,Female,1,0.81,0.5714285714,0.1111111111,0.5482546201,1,1,STEM Club,High
23CS1968,Kamala,F,23cs1968@rns.com,Debolina Roy,Female,0,0.17,0.7551020408,0.4444444444,0.4845995893,0.6382978723,1,None,Low
23CS1969,Ashwin,A,23cs1969@rns.com,Srushti Kulkarni,Female,0.6666666667,0.735,0.7346938776,0.5555555556,0.3305954825,1,1,STEM Club,Medium
23CS1970,Gauri,B,23cs1970@rns.com,Priya Gupta,Male,0.6666666667,0.675,0.9795918367,0,0.3429158111,1,0.78,Volunteer,Medium
23CS1971,Ujjwal,C,23cs1971@rns.com,Bhagat Raj,Female,0.6666666667,0.025,0.8163265306,0.1111111111,0.5092402464,0.5531914894,0.84,Sports,Low
23CS1972,Triveni,D,23cs1972@rns.com,Tisca Chopra ,Male,1,0.555,0.3265306122,0.3333333333,0.6735112936,0.7446808511,1,STEM Club,Medium
23CS1973,Ashwin,E,23cs1973@rns.com,Subramanian,Female,1,0.645,0.7959183673,0.1111111111,0.2915811088,1,0.94,Arts,Medium
23CS1974,Oviya,F,23cs1974@rns.com,G.Kempegowda ,Male,0.6666666667,0.595,0.2857142857,0.2222222222,0.4394250513,1,0.88,None,Medium
23CS1975,Feroz,A,23cs1975@rns.com,Vetrivel,Male,0.6666666667,0.125,0.7755102041,0.1111111111,0.5544147844,0.9361702128,0.76,None,Low
23CS1976,Rajendra,B,23cs1976@rns.com,Rajesh Sharma ,Female,0,0.815,0.8367346939,0.1111111111,0.1252566735,1,0.84,Volunteer,High
23CS1977,Omisha,C,23cs1977@rns.com,Anil Chaudhary,Female,0,0.89,0.9795918367,0.2222222222,0.00205338809,0.3617021277,0.38,None,High
23CS1978,Indu,D,23cs1978@rns.com,Debolina Roy,Nonbinary,0.3333333333,0.145,0.2857142857,0.3333333333,0.3059548255,0.6808510638,0.82,None,Low
23CS1979,Vandana,E,23cs1979@rns.com,Srushti Kulkarni,Male,1,0.905,0.8571428571,0.4444444444,0.1211498973,0.5319148936,0.74,None,High
23CS1980,Oviya,F,23cs1980@rns.com,Priya Gupta,Female,0.6666666667,0.69,0.4489795918,0.2222222222,0.5790554415,0.914893617,0.48,Sports,Medium
23CS1981,Oviya,A,23cs1981@rns.com,Bhagat Raj,Male,0.3333333333,0.94,0.2040816327,0.1111111111,0.2464065708,0.9787234043,0.92,Arts,High
23CS1982,Sharanya,B,23cs1982@rns.com,Tisca Chopra ,Female,0,0.235,0.612244898,0.4444444444,0.0431211499,0.7872340426,0.52,Sports,Low
23CS1983,Anirudh,C,23cs1983@rns.com,Subramanian,Male,0.6666666667,0.205,0.5102040816,0.2222222222,0.8521560575,1,1,Volunteer,Low
23CS1984,Kalyani,D,23cs1984@rns.com,G.Kempegowda ,Male,0,0.65,0.9795918367,0.1111111111,0.3429158111,1,0.72,None,Medium
23CS1985,Leela,E,23cs1985@rns.com,Vetrivel,Female,0.3333333333,0.89,0.9387755102,0,0.5379876797,1,0.88,Sports,High
23CS1986,Dinesh,F,23cs1986@rns.com,Rajesh Sharma ,Female,0.3333333333,0.885,0.2040816327,0,0.498973306,0.8723404255,0.84,STEM Club,High
23CS1987,Nihar,A,23cs1987@rns.com,Anil Chaudhary,Female,0.3333333333,0.48,1,0.3333333333,0.4188911704,1,0.78,STEM Club,Low
23CS1988,Rakesh,B,23cs1988@rns.com,Debolina Roy,Male,0.6666666667,0.635,0.7551020408,0.1111111111,0.4599589322,1,0.62,Volunteer,Medium
23CS1989,Vandana,C,23cs1989@rns.com,Srushti Kulkarni,Male,0.3333333333,0.435,0.5714285714,0.2222222222,0.2566735113,0.5319148936,0.58,Sports,Low
23CS1990,Chitra,D,23cs1990@rns.com,Priya Gupta,Female,0,0.19,0.8775510204,0.2222222222,0.2772073922,0.7021276596,0.64,STEM Club,Low
23CS1991,Rakesh,E,23cs1991@rns.com,Bhagat Raj,Male,1,0.57,0.4489795918,0.1111111111,0.4928131417,1,1,STEM Club,Medium
23CS1992,Rekha,F,23cs1992@rns.com,Tisca Chopra ,Female,0,0.25,0.4285714286,0.2222222222,0.3285420945,0.7021276596,0.7,STEM Club,Low
23CS1993,Amrita,A,23cs1993@rns.com,Subramanian,Female,0.3333333333,0.745,0.8367346939,0.1111111111,0.2669404517,1,0.72,None,Medium
23CS1994,Feroza,B,23cs1994@rns.com,G.Kempegowda ,Female,1,0.695,0.9183673469,0.4444444444,0.6201232033,1,0.96,STEM Club,Medium
23CS1995,Elina,C,23cs1995@rns.com,Vetrivel,Male,0.6666666667,0.885,0.7346938776,0.2222222222,0.02669404517,0.4255319149,0.2,Arts,High
23CS1996,Girish,D,23cs1996@rns.com,Rajesh Sharma ,Male,1,0.76,0.6734693878,0,0.4969199179,1,1,Sports,High
23CS1997,Vibha,E,23cs1997@rns.com,Anil Chaudhary,Female,0.3333333333,0.79,0.9591836735,0.2222222222,0.3018480493,0.4893617021,0.78,STEM Club,High
23CS1998,Ravina,F,23cs1998@rns.com,Debolina Roy,Female,0,0.885,0.7959183673,0.2222222222,0.3921971253,1,0.66,None,High
23CS1999,Waman,A,23cs1999@rns.com,Srushti Kulkarni,Male,0.3333333333,0.81,0.6734693878,0.1111111111,0.1642710472,0.7234042553,0.58,None,High
23CS2000,Tanveer,B,23cs2000@rns.com,Priya Gupta,Female,0,0.93,0.7346938776,0.5555555556,0.4661190965,1,0.9,Arts,High